sha256,count,members
0873ea5df0360800ebca8776066ce4cee881d8d47eb566cbab7d0ee080f1e115,1,attempt-002
1b5ea56ad481a06aaabdfb93411676ed3a437d710be64a1b9c4c5ccb801c0f06,1,attempt-009
43c2a124f1ccb88496ad3474b2a2a3029a6bf97c6373be8396c82b005d42c4af,1,attempt-010
4eb734eba318fca9d87b9be4782c3ad0a799dfec50750962a4b8497ce1084590,1,attempt-001
4f59300a6e28149814167aa1fe854fbfde52513c1edc525d4270287089a307d1,1,attempt-008
7a4960813c9e6cf03a501fa609919781588d7b7ccde9f253e61cef6123974fc2,1,attempt-004
c2124747ff77a6cd336b33581c49556357f60a318c5ca8f06199e2f751d1f042,1,attempt-006
d0dfe584597a5c5f0ac849d6e2e28469121356028776cb163cc13acdbb608f5b,1,attempt-005
d5b863802a82d15742aa3f7093c795692302886fae15aa186037579c169fec2c,1,attempt-003
