key,release,revision,executable,platform,target,build_status,analysis_status,maximum_depth,utility_only_maximum_depth,graph_completeness,measurement_validity,independently_verified,accepted_historical_measurement,failure_reason,analyzer_fingerprint,analysis_directory,cached_pilot_evidence,cache_provenance,prior_build_record,analysis_peak_rss_kib,analysis_wall_seconds,reachable_implementation_functions,recognized_unresolved_count,unavailable_body_count,graph_sha256,entry_source,deepest_path_names,entry_identity,path_witness_record
0.0.3/od,0.0.3,2bb9a85ddedc7b8aa1bd866bd70e41364c8783f7,od,linux,x86_64-unknown-linux-gnu,completed,completed,7,7,known_incomplete,provisional_graph_observed,False,False,,f91c40f1d66316ee3673caf0bb63b2a2dfeb670146ca3880adc3fed6ce6e6ece,build/rupta-v1/historical-diagnostic-v1/runs/0.0.3/od/f91c40f1d66316ee3673caf0bb63b2a2dfeb670146ca3880adc3fed6ce6e6ece/attempt-1/analysis,,,build/historical-rust-measurement/method-v1/0.0.3/build-attempts/od/result.json,165368,3.384664034000025,76,7,47,fbd363ad27c3e1ea736e05fc96cafa11c578546e703314e48bd17bead148344a,"{""path"": ""src/uu/od/src/main.rs"", ""sha256"": ""770fbacb4c91f5d7c165875a4b31603cb742fff27dc5046eefb2981917a6e252"", ""wrapper_evidence"": {""generator"": ""src/uucore_procs/src/lib.rs"", ""kind"": ""authenticated_project_proc_macro_main"", ""sha256"": ""f5397caa02ee083eb7f2a66cd4de465097d0f84fa9d100d59691fa1b6a2d5bbf""}}","[""od::main"", ""uu_od::uumain<std::env::ArgsOs>"", ""uu_od::odfunc<uu_od::peekreader::PeekReader<uu_od::partialreader::PartialReader<uu_od::multifilereader::MultifileReader<'{erased}>>>>"", ""uu_od::inputdecoder::{impl#1}::peek_read<uu_od::peekreader::PeekReader<uu_od::partialreader::PartialReader<uu_od::multifilereader::MultifileReader<'{erased}>>>>"", ""uu_od::peekreader::{impl#3}::peek_read<uu_od::partialreader::PartialReader<uu_od::multifilereader::MultifileReader<'{erased}>>>"", ""uu_od::peekreader::{impl#2}::read<uu_od::partialreader::PartialReader<uu_od::multifilereader::MultifileReader<'{erased}>>>"", ""uu_od::partialreader::{impl#1}::read<uu_od::multifilereader::MultifileReader<'{erased}>>"", ""uu_od::multifilereader::{impl#1}::read<>""]","[""DefPathHash(Fingerprint(772728826249385990, 105196861048250919))"",""[]"",""None"",""None""]",historical_rupta_results.json:programs:0.0.3/od
0.2.2/chmod,0.2.2,3a07ffc5a9bd4c283e75afa548ba1f1957bad242,chmod,linux,x86_64-unknown-linux-gnu,completed,completed,12,6,known_incomplete,provisional_graph_observed,False,False,,58c8d1455d3d858a28708b9544ae0e7cfbc6eeddea478dffd377a68327c4344a,build/rupta-v1/historical-diagnostic-v1/pilot-replay,build/rupta-v1/drop-trial/compatibility/scope-trial/final-coverage,"{""analyzer_provenance"": {""additional_overlay"": ""scoped_callback_overlay.patch"", ""base_fork_commit"": ""66e29895748bd7a289b448a875d198711f1382dd"", ""base_overlay"": ""modern_overlay.patch"", ""compiler"": ""nightly-2026-08-21"", ""lock_unchanged"": true, ""sha256"": {""build/rupta-v1/drop-trial/compatibility/rustup/toolchains/nightly-2026-08-21-x86_64-unknown-linux-gnu/bin/rustc"": ""d28cb0e099f1c7fe85910e03eaea7b04cdcb0ce88b393acd17cfa9e849fda820"", ""build/rupta-v1/drop-trial/compatibility/scope-trial/source/Cargo.lock"": ""5bd71b20199c31cafb623b2b88a7a6788d202280d9f1efb873a205f2bad4bcbf"", ""build/rupta-v1/drop-trial/compatibility/scope-trial/target/debug/pta"": ""1f841afe1117ec49834c11143a66dc675d4aa8618c45acd89c5d000c16cebaea"", ""security/semantic_callgraph/rust_rupta_v1/scoped_callback_overlay.patch"": ""5621a3548ec0c1385b2e0418d803081f3d237c5b60989c34f3505d947dccae2d""}}, ""entry"": ""main"", ""group"": {""key"": ""0.2.2/chmod"", ""prior_build_record"": ""build/historical-rust-measurement/method-v1/0.2.2/build-attempts-2/chmod/result.json"", ""prior_build_record_sha256"": ""d9d0d2cab177f935af3069a5b8c612c4aa3656914e45e0142be148513f004834"", ""release"": ""0.2.2"", ""revision"": ""3a07ffc5a9bd4c283e75afa548ba1f1957bad242"", ""target"": ""x86_64-unknown-linux-gnu"", ""utility"": ""chmod""}, ""mode"": ""ander"", ""original_analysis_record_sha256"": ""ab73cbd6fc1c50d904cf1a8e689fa26f26cd4c94551eb0c49e9e5e39b08a3258"", ""original_graph_sha256"": ""e410f52ec3a12e54edbb16fce8a44000795f982a2050f50240524e38bcc1f061"", ""source_provenance_sha256"": ""32287e3d0f930d4db9b3bce8976a3e376a90751b2b2cef28c62b13fac4189be9""}",build/historical-rust-measurement/method-v1/0.2.2/build-attempts-2/chmod/result.json,,,130,35,96,64cb36c3e09e9560f823ac2fa799d60fbbcf94f498f517c128fcbd957215f9d9,"{""path"": ""src/uu/chmod/src/main.rs"", ""sha256"": ""e87eab70f41534037a74ccaaa5df527f325e38919ecb8af8e223327d1ba883cc"", ""wrapper_evidence"": null}","[""chmod::main"", ""uu_chmod::uumain<std::iter::Cloned<std::slice::Iter<'{erased}, std::ffi::OsString>>>"", ""uu_chmod::uumain::uumain<std::iter::Cloned<std::slice::Iter<'{erased}, std::ffi::OsString>>>"", ""uucore::mods::clap_localization::handle_clap_result<std::vec::Vec<std::ffi::OsString, std::alloc::Global>, std::ffi::OsString>"", ""uucore::mods::clap_localization::handle_clap_result_with_exit_code<std::vec::Vec<std::ffi::OsString, std::alloc::Global>, std::ffi::OsString>"", ""uucore::mods::clap_localization::handle_clap_result_with_exit_code::{closure#0}<std::vec::Vec<std::ffi::OsString, std::alloc::Global>, std::ffi::OsString, i32, Binder { value: extern \""RustCall\"" fn((clap_builder::error::Error<clap_builder::error::format::RichFormatter>,)) -> std::boxed::Box<dyn [Binder { value: Trait(uucore::error::UError), bound_vars: [] }] + '{erased}, std::alloc::Global>, bound_vars: [] }, (&'{erased} i32,)>"", ""uucore::mods::clap_localization::handle_clap_error_with_exit_code"", ""uucore::mods::clap_localization::{impl#2}::print_error_and_exit<>"", ""uucore::mods::clap_localization::{impl#2}::print_error_and_exit_with_callback<Closure(DefId(20:350 ~ uucore[ce43]::mods::clap_localization::{impl#2}::print_error_and_exit::{closure#0}), ['{erased}, i32, Binder { value: extern \""RustCall\"" fn(()), bound_vars: [] }, ()])>"", ""uucore::mods::clap_localization::{impl#2}::handle_invalid_value_with_callback<Closure(DefId(20:350 ~ uucore[ce43]::mods::clap_localization::{impl#2}::print_error_and_exit::{closure#0}), ['{erased}, i32, Binder { value: extern \""RustCall\"" fn(()), bound_vars: [] }, ()])>"", ""uucore::mods::clap_localization::{impl#2}::print_simple_error<>"", ""uucore::mods::clap_localization::{impl#2}::print_simple_error_with_callback<Closure(DefId(20:366 ~ uucore[ce43]::mods::clap_localization::{impl#2}::print_simple_error::{closure#0}), ['{erased}, i32, Binder { value: extern \""RustCall\"" fn(()), bound_vars: [] }, ()])>"", ""uucore::mods::clap_localization::{impl#2}::print_simple_error::{closure#0}<i32, Binder { value: extern \""RustCall\"" fn(()), bound_vars: [] }, ()>""]","[""DefPathHash(Fingerprint(9173888885742416008, 4752263288526328401))"",""[]"",""None"",""None""]",historical_rupta_results.json:programs:0.2.2/chmod
0.2.2/chgrp,0.2.2,3a07ffc5a9bd4c283e75afa548ba1f1957bad242,chgrp,linux,x86_64-unknown-linux-gnu,completed,completed,13,6,known_incomplete,provisional_graph_observed,False,False,,e6984a99c65be66347d4d96a208af10de21a06ef789b9e9601a2f10c8bd987de,build/rupta-v1/historical-diagnostic-v1/runs/0.2.2/chgrp/e6984a99c65be66347d4d96a208af10de21a06ef789b9e9601a2f10c8bd987de/attempt-1/analysis,,,build/historical-rust-measurement/method-v1/0.2.2/build-attempts-2/chgrp/result.json,586272,58.442250156,158,38,117,4ff48189f68040231a5c6e5aab8a0ac8b2560f0da1dd6a4f50eb70384154676a,"{""path"": ""src/uu/chgrp/src/main.rs"", ""sha256"": ""4b83dbdeeb77c1e98e8ce0fadcb4c229b636d8f6eda9ff6aa798b8f611f26b17""}","[""chgrp::main"", ""uu_chgrp::uumain<std::iter::Cloned<std::slice::Iter<'{erased}, std::ffi::OsString>>>"", ""uu_chgrp::uumain::uumain<std::iter::Cloned<std::slice::Iter<'{erased}, std::ffi::OsString>>>"", ""uucore::features::perms::chown_base<std::iter::Cloned<std::slice::Iter<'{erased}, std::ffi::OsString>>>"", ""uucore::mods::clap_localization::handle_clap_result<std::vec::Vec<std::ffi::OsString, std::alloc::Global>, std::ffi::OsString>"", ""uucore::mods::clap_localization::handle_clap_result_with_exit_code<std::vec::Vec<std::ffi::OsString, std::alloc::Global>, std::ffi::OsString>"", ""uucore::mods::clap_localization::handle_clap_result_with_exit_code::{closure#0}<std::vec::Vec<std::ffi::OsString, std::alloc::Global>, std::ffi::OsString, i32, Binder { value: extern \""RustCall\"" fn((clap_builder::error::Error<clap_builder::error::format::RichFormatter>,)) -> std::boxed::Box<dyn [Binder { value: Trait(uucore::error::UError), bound_vars: [] }] + '{erased}, std::alloc::Global>, bound_vars: [] }, (&'{erased} i32,)>"", ""uucore::mods::clap_localization::handle_clap_error_with_exit_code"", ""uucore::mods::clap_localization::{impl#2}::print_error_and_exit<>"", ""uucore::mods::clap_localization::{impl#2}::print_error_and_exit_with_callback<Closure(DefId(20:327 ~ uucore[ad97]::mods::clap_localization::{impl#2}::print_error_and_exit::{closure#0}), ['{erased}, i32, Binder { value: extern \""RustCall\"" fn(()), bound_vars: [] }, ()])>"", ""uucore::mods::clap_localization::{impl#2}::handle_invalid_value_with_callback<Closure(DefId(20:327 ~ uucore[ad97]::mods::clap_localization::{impl#2}::print_error_and_exit::{closure#0}), ['{erased}, i32, Binder { value: extern \""RustCall\"" fn(()), bound_vars: [] }, ()])>"", ""uucore::mods::clap_localization::{impl#2}::print_simple_error<>"", ""uucore::mods::clap_localization::{impl#2}::print_simple_error_with_callback<Closure(DefId(20:343 ~ uucore[ad97]::mods::clap_localization::{impl#2}::print_simple_error::{closure#0}), ['{erased}, i32, Binder { value: extern \""RustCall\"" fn(()), bound_vars: [] }, ()])>"", ""uucore::mods::clap_localization::{impl#2}::print_simple_error::{closure#0}<i32, Binder { value: extern \""RustCall\"" fn(()), bound_vars: [] }, ()>""]","[""DefPathHash(Fingerprint(14199054721568049212, 11786560149783664818))"",""[]"",""None"",""None""]",historical_rupta_results.json:programs:0.2.2/chgrp
0.2.2/chown,0.2.2,3a07ffc5a9bd4c283e75afa548ba1f1957bad242,chown,linux,x86_64-unknown-linux-gnu,completed,completed,13,6,known_incomplete,provisional_graph_observed,False,False,,22b9dbb29ce16a1b21101fd203758b60ddb59660522587f7348c2ffde397468e,build/rupta-v1/historical-diagnostic-v1/runs/0.2.2/chown/22b9dbb29ce16a1b21101fd203758b60ddb59660522587f7348c2ffde397468e/attempt-1/analysis,,,build/historical-rust-measurement/method-v1/0.2.2/build-attempts-2/chown/result.json,607644,54.863608043,155,38,118,387fafa55a1d7cf32ab45ffa646c304e7c51c264364a2691e7f0310f31dc9cd7,"{""path"": ""src/uu/chown/src/main.rs"", ""sha256"": ""8eb466a5051076bc1730fb6123a9d219b97abd572500f5927a70f3ce709fcfd8""}","[""chown::main"", ""uu_chown::uumain<std::iter::Cloned<std::slice::Iter<'{erased}, std::ffi::OsString>>>"", ""uu_chown::uumain::uumain<std::iter::Cloned<std::slice::Iter<'{erased}, std::ffi::OsString>>>"", ""uucore::features::perms::chown_base<std::iter::Cloned<std::slice::Iter<'{erased}, std::ffi::OsString>>>"", ""uucore::mods::clap_localization::handle_clap_result<std::vec::Vec<std::ffi::OsString, std::alloc::Global>, std::ffi::OsString>"", ""uucore::mods::clap_localization::handle_clap_result_with_exit_code<std::vec::Vec<std::ffi::OsString, std::alloc::Global>, std::ffi::OsString>"", ""uucore::mods::clap_localization::handle_clap_result_with_exit_code::{closure#0}<std::vec::Vec<std::ffi::OsString, std::alloc::Global>, std::ffi::OsString, i32, Binder { value: extern \""RustCall\"" fn((clap_builder::error::Error<clap_builder::error::format::RichFormatter>,)) -> std::boxed::Box<dyn [Binder { value: Trait(uucore::error::UError), bound_vars: [] }] + '{erased}, std::alloc::Global>, bound_vars: [] }, (&'{erased} i32,)>"", ""uucore::mods::clap_localization::handle_clap_error_with_exit_code"", ""uucore::mods::clap_localization::{impl#2}::print_error_and_exit<>"", ""uucore::mods::clap_localization::{impl#2}::print_error_and_exit_with_callback<Closure(DefId(20:327 ~ uucore[ad97]::mods::clap_localization::{impl#2}::print_error_and_exit::{closure#0}), ['{erased}, i32, Binder { value: extern \""RustCall\"" fn(()), bound_vars: [] }, ()])>"", ""uucore::mods::clap_localization::{impl#2}::handle_invalid_value_with_callback<Closure(DefId(20:327 ~ uucore[ad97]::mods::clap_localization::{impl#2}::print_error_and_exit::{closure#0}), ['{erased}, i32, Binder { value: extern \""RustCall\"" fn(()), bound_vars: [] }, ()])>"", ""uucore::mods::clap_localization::{impl#2}::print_simple_error<>"", ""uucore::mods::clap_localization::{impl#2}::print_simple_error_with_callback<Closure(DefId(20:343 ~ uucore[ad97]::mods::clap_localization::{impl#2}::print_simple_error::{closure#0}), ['{erased}, i32, Binder { value: extern \""RustCall\"" fn(()), bound_vars: [] }, ()])>"", ""uucore::mods::clap_localization::{impl#2}::print_simple_error::{closure#0}<i32, Binder { value: extern \""RustCall\"" fn(()), bound_vars: [] }, ()>""]","[""DefPathHash(Fingerprint(8180425408760227106, 12362910566592511460))"",""[]"",""None"",""None""]",historical_rupta_results.json:programs:0.2.2/chown
0.2.2/mkfifo,0.2.2,3a07ffc5a9bd4c283e75afa548ba1f1957bad242,mkfifo,linux,x86_64-unknown-linux-gnu,completed,completed,12,4,known_incomplete,provisional_graph_observed,False,False,,d09878a3b2dd19546fa254cac21af6d02d955686e780f47785765d5075374722,build/rupta-v1/historical-diagnostic-v1/runs/0.2.2/mkfifo/d09878a3b2dd19546fa254cac21af6d02d955686e780f47785765d5075374722/attempt-1/analysis,,,build/historical-rust-measurement/method-v1/0.2.2/build-attempts-2/mkfifo/result.json,547428,51.12231387199995,98,32,86,63b7ccb337fa778ecad2ff77643428f9b86bb33955517750de191a642da43a4d,"{""path"": ""src/uu/mkfifo/src/main.rs"", ""sha256"": ""011dbd0894ef5a54e78f457a4f847259b37657c6bb6efd5cd9899af012984f47""}","[""mkfifo::main"", ""uu_mkfifo::uumain<std::iter::Cloned<std::slice::Iter<'{erased}, std::ffi::OsString>>>"", ""uu_mkfifo::uumain::uumain<std::iter::Cloned<std::slice::Iter<'{erased}, std::ffi::OsString>>>"", ""uucore::mods::clap_localization::handle_clap_result<std::iter::Cloned<std::slice::Iter<'{erased}, std::ffi::OsString>>, std::ffi::OsString>"", ""uucore::mods::clap_localization::handle_clap_result_with_exit_code<std::iter::Cloned<std::slice::Iter<'{erased}, std::ffi::OsString>>, std::ffi::OsString>"", ""uucore::mods::clap_localization::handle_clap_result_with_exit_code::{closure#0}<std::iter::Cloned<std::slice::Iter<'{erased}, std::ffi::OsString>>, std::ffi::OsString, i32, Binder { value: extern \""RustCall\"" fn((clap_builder::error::Error<clap_builder::error::format::RichFormatter>,)) -> std::boxed::Box<dyn [Binder { value: Trait(uucore::error::UError), bound_vars: [] }] + '{erased}, std::alloc::Global>, bound_vars: [] }, (&'{erased} i32,)>"", ""uucore::mods::clap_localization::handle_clap_error_with_exit_code"", ""uucore::mods::clap_localization::{impl#2}::print_error_and_exit<>"", ""uucore::mods::clap_localization::{impl#2}::print_error_and_exit_with_callback<Closure(DefId(20:191 ~ uucore[4a9e]::mods::clap_localization::{impl#2}::print_error_and_exit::{closure#0}), ['{erased}, i32, Binder { value: extern \""RustCall\"" fn(()), bound_vars: [] }, ()])>"", ""uucore::mods::clap_localization::{impl#2}::handle_invalid_value_with_callback<Closure(DefId(20:191 ~ uucore[4a9e]::mods::clap_localization::{impl#2}::print_error_and_exit::{closure#0}), ['{erased}, i32, Binder { value: extern \""RustCall\"" fn(()), bound_vars: [] }, ()])>"", ""uucore::mods::clap_localization::{impl#2}::print_simple_error<>"", ""uucore::mods::clap_localization::{impl#2}::print_simple_error_with_callback<Closure(DefId(20:207 ~ uucore[4a9e]::mods::clap_localization::{impl#2}::print_simple_error::{closure#0}), ['{erased}, i32, Binder { value: extern \""RustCall\"" fn(()), bound_vars: [] }, ()])>"", ""uucore::mods::clap_localization::{impl#2}::print_simple_error::{closure#0}<i32, Binder { value: extern \""RustCall\"" fn(()), bound_vars: [] }, ()>""]","[""DefPathHash(Fingerprint(1788861505432744337, 12423812040752987805))"",""[]"",""None"",""None""]",historical_rupta_results.json:programs:0.2.2/mkfifo
0.2.2/mktemp,0.2.2,3a07ffc5a9bd4c283e75afa548ba1f1957bad242,mktemp,linux,x86_64-unknown-linux-gnu,completed,completed,9,5,known_incomplete,provisional_graph_observed,False,False,,de71754efce4b16568a9bfc0ed038931d7b7dc496535abeaf4cd0222d85ca281,build/rupta-v1/historical-diagnostic-v1/runs/0.2.2/mktemp/de71754efce4b16568a9bfc0ed038931d7b7dc496535abeaf4cd0222d85ca281/attempt-1/analysis,,,build/historical-rust-measurement/method-v1/0.2.2/build-attempts-2/mktemp/result.json,582048,58.70255561800013,114,41,116,12b9861afa213dbe7827ecaf200a0600f1c6bb1567e2dcbb2609896530d9447f,"{""path"": ""src/uu/mktemp/src/main.rs"", ""sha256"": ""b8a015bce4ae7389d8a6b52da168f5b2ff26d6b01d3dfaef08799df7a2a99168"", ""wrapper_evidence"": null}","[""mktemp::main"", ""uu_mktemp::uumain<std::iter::Cloned<std::slice::Iter<'{erased}, std::ffi::OsString>>>"", ""uu_mktemp::uumain::uumain<std::iter::Cloned<std::slice::Iter<'{erased}, std::ffi::OsString>>>"", ""uucore::mods::clap_localization::handle_clap_error_with_exit_code"", ""uucore::mods::clap_localization::{impl#2}::print_error_and_exit<>"", ""uucore::mods::clap_localization::{impl#2}::print_error_and_exit_with_callback<Closure(DefId(20:44 ~ uucore[6add]::mods::clap_localization::{impl#2}::print_error_and_exit::{closure#0}), ['{erased}, i32, Binder { value: extern \""RustCall\"" fn(()), bound_vars: [] }, ()])>"", ""uucore::mods::clap_localization::{impl#2}::handle_invalid_value_with_callback<Closure(DefId(20:44 ~ uucore[6add]::mods::clap_localization::{impl#2}::print_error_and_exit::{closure#0}), ['{erased}, i32, Binder { value: extern \""RustCall\"" fn(()), bound_vars: [] }, ()])>"", ""uucore::mods::clap_localization::{impl#2}::print_simple_error<>"", ""uucore::mods::clap_localization::{impl#2}::print_simple_error_with_callback<Closure(DefId(20:60 ~ uucore[6add]::mods::clap_localization::{impl#2}::print_simple_error::{closure#0}), ['{erased}, i32, Binder { value: extern \""RustCall\"" fn(()), bound_vars: [] }, ()])>"", ""uucore::mods::clap_localization::{impl#2}::print_simple_error::{closure#0}<i32, Binder { value: extern \""RustCall\"" fn(()), bound_vars: [] }, ()>""]","[""DefPathHash(Fingerprint(17791253321831244853, 8790875160481125033))"",""[]"",""None"",""None""]",historical_rupta_results.json:programs:0.2.2/mktemp
0.2.2/cut,0.2.2,3a07ffc5a9bd4c283e75afa548ba1f1957bad242,cut,linux,x86_64-unknown-linux-gnu,completed,completed,12,8,known_incomplete,provisional_graph_observed,False,False,,e4cfb8dbcbd6532fcd7c73d2ca905b98a2c599d1f65ac123d510ae58eaca5c1d,build/rupta-v1/historical-diagnostic-v1/runs/0.2.2/cut/e4cfb8dbcbd6532fcd7c73d2ca905b98a2c599d1f65ac123d510ae58eaca5c1d/attempt-1/analysis,,,build/historical-rust-measurement/method-v1/0.2.2/build-attempts-2/cut/result.json,569328,52.42785171399987,153,37,98,07d1c8309a8bb496406ff7f37f12abc21100092162dd2964a3cb5c2523e00ce0,"{""path"": ""src/uu/cut/src/main.rs"", ""sha256"": ""fb7276a50031ee60ce13c5fd7bae87630caad9f3163196682636c4788a97a7cd""}","[""cut::main"", ""uu_cut::uumain<std::iter::Cloned<std::slice::Iter<'{erased}, std::ffi::OsString>>>"", ""uu_cut::uumain::uumain<std::iter::Cloned<std::slice::Iter<'{erased}, std::ffi::OsString>>>"", ""uucore::mods::clap_localization::handle_clap_result<std::vec::Vec<std::ffi::OsString, std::alloc::Global>, std::ffi::OsString>"", ""uucore::mods::clap_localization::handle_clap_result_with_exit_code<std::vec::Vec<std::ffi::OsString, std::alloc::Global>, std::ffi::OsString>"", ""uucore::mods::clap_localization::handle_clap_result_with_exit_code::{closure#0}<std::vec::Vec<std::ffi::OsString, std::alloc::Global>, std::ffi::OsString, i32, Binder { value: extern \""RustCall\"" fn((clap_builder::error::Error<clap_builder::error::format::RichFormatter>,)) -> std::boxed::Box<dyn [Binder { value: Trait(uucore::error::UError), bound_vars: [] }] + '{erased}, std::alloc::Global>, bound_vars: [] }, (&'{erased} i32,)>"", ""uucore::mods::clap_localization::handle_clap_error_with_exit_code"", ""uucore::mods::clap_localization::{impl#2}::print_error_and_exit<>"", ""uucore::mods::clap_localization::{impl#2}::print_error_and_exit_with_callback<Closure(DefId(20:58 ~ uucore[e29c]::mods::clap_localization::{impl#2}::print_error_and_exit::{closure#0}), ['{erased}, i32, Binder { value: extern \""RustCall\"" fn(()), bound_vars: [] }, ()])>"", ""uucore::mods::clap_localization::{impl#2}::handle_invalid_value_with_callback<Closure(DefId(20:58 ~ uucore[e29c]::mods::clap_localization::{impl#2}::print_error_and_exit::{closure#0}), ['{erased}, i32, Binder { value: extern \""RustCall\"" fn(()), bound_vars: [] }, ()])>"", ""uucore::mods::clap_localization::{impl#2}::print_simple_error<>"", ""uucore::mods::clap_localization::{impl#2}::print_simple_error_with_callback<Closure(DefId(20:74 ~ uucore[e29c]::mods::clap_localization::{impl#2}::print_simple_error::{closure#0}), ['{erased}, i32, Binder { value: extern \""RustCall\"" fn(()), bound_vars: [] }, ()])>"", ""uucore::mods::clap_localization::{impl#2}::print_simple_error::{closure#0}<i32, Binder { value: extern \""RustCall\"" fn(()), bound_vars: [] }, ()>""]","[""DefPathHash(Fingerprint(15396232179028466783, 14222940929915003686))"",""[]"",""None"",""None""]",historical_rupta_results.json:programs:0.2.2/cut
0.2.2/dd,0.2.2,3a07ffc5a9bd4c283e75afa548ba1f1957bad242,dd,linux,x86_64-unknown-linux-gnu,completed,completed,12,10,known_incomplete,provisional_graph_observed,False,False,,9db76563a1ad188686f9f8c41cc40186121dde13a24d13c0500d7db68e48cc0b,build/rupta-v1/historical-diagnostic-v1/runs/0.2.2/dd/9db76563a1ad188686f9f8c41cc40186121dde13a24d13c0500d7db68e48cc0b/attempt-1/analysis,,,build/historical-rust-measurement/method-v1/0.2.2/build-attempts-2/dd/result.json,697640,80.80352757999981,283,45,133,813118eac469eaa785490a0a53727c95adfdf22f29f2480a2893c40a7e2574b8,"{""path"": ""src/uu/dd/src/main.rs"", ""sha256"": ""8b97aabc2c00e077fe104fe5fb768550b3144f965e968e93ed4cbbaa2894e1ff"", ""wrapper_evidence"": null}","[""dd::main"", ""uu_dd::uumain<std::iter::Cloned<std::slice::Iter<'{erased}, std::ffi::OsString>>>"", ""uu_dd::uumain::uumain<std::iter::Cloned<std::slice::Iter<'{erased}, std::ffi::OsString>>>"", ""uu_dd::parseargs::{impl#0}::parse<clap_builder::parser::matches::arg_matches::ValuesRef<'{erased}, std::string::String>>"", ""uu_dd::parseargs::{impl#0}::read<clap_builder::parser::matches::arg_matches::ValuesRef<'{erased}, std::string::String>>"", ""uu_dd::parseargs::{impl#0}::parse_operand"", ""uu_dd::parseargs::{impl#0}::parse_n"", ""uu_dd::parseargs::parse_bytes_with_opt_multiplier"", ""uu_dd::parseargs::parse_bytes_no_x"", ""uucore::features::parser::parse_size::{impl#2}::parse_u64<>"", ""uucore::features::parser::parse_size::{impl#2}::parse<>"", ""uucore::features::parser::parse_size::total_physical_memory"", ""uucore::features::parser::parse_size::{impl#0}::from""]","[""DefPathHash(Fingerprint(12216804472590086598, 17769756727341874140))"",""[]"",""None"",""None""]",historical_rupta_results.json:programs:0.2.2/dd
0.2.2/tail,0.2.2,3a07ffc5a9bd4c283e75afa548ba1f1957bad242,tail,linux,x86_64-unknown-linux-gnu,completed,completed,11,8,known_incomplete,provisional_graph_observed,False,False,,8a4291a199743f203a49d67f9e0ef4dacf4aa41ba1ae7e7a2fa31777e13ec35b,build/rupta-v1/historical-diagnostic-v1/runs/0.2.2/tail/8a4291a199743f203a49d67f9e0ef4dacf4aa41ba1ae7e7a2fa31777e13ec35b/attempt-1/analysis,,,build/historical-rust-measurement/method-v1/0.2.2/build-attempts-2/tail/result.json,830332,143.8440360499999,263,64,170,3c52b8f1db2f0ff480a9f0627d10fd6181728e6999e20c0327c397dbcc4f1b89,"{""path"": ""src/uu/tail/src/main.rs"", ""sha256"": ""1f601e809d873ae29a687b74527e2f8beb59b6676b347a1846cdfde564e7d987"", ""wrapper_evidence"": null}","[""tail::main"", ""uu_tail::uumain<std::iter::Cloned<std::slice::Iter<'{erased}, std::ffi::OsString>>>"", ""uu_tail::uumain::uumain<std::iter::Cloned<std::slice::Iter<'{erased}, std::ffi::OsString>>>"", ""uu_tail::args::parse_args<std::iter::Cloned<std::slice::Iter<'{erased}, std::ffi::OsString>>>"", ""uu_tail::args::{impl#3}::from"", ""uu_tail::args::{impl#0}::from"", ""uu_tail::args::parse_num"", ""uucore::features::parser::parse_size::parse_size_u64"", ""uucore::features::parser::parse_size::{impl#2}::parse_u64<>"", ""uucore::features::parser::parse_size::{impl#2}::parse<>"", ""uucore::features::parser::parse_size::{impl#2}::parse_number<>"", ""uucore::features::parser::parse_size::{impl#2}::parse_number::{closure#0}<i32, Binder { value: extern \""RustCall\"" fn((std::num::ParseIntError,)) -> uucore::parser::parse_size::ParseSizeError, bound_vars: [] }, (&'{erased} str,)>""]","[""DefPathHash(Fingerprint(8008362407915395568, 10117692391552167811))"",""[]"",""None"",""None""]",historical_rupta_results.json:programs:0.2.2/tail
0.2.2/comm,0.2.2,3a07ffc5a9bd4c283e75afa548ba1f1957bad242,comm,linux,x86_64-unknown-linux-gnu,completed,completed,12,5,known_incomplete,provisional_graph_observed,False,False,,f6119b65c403c4ea3b67a5cb74b4ebe591ee08b54917c44378beff8d26a4211e,build/rupta-v1/historical-diagnostic-v1/runs/0.2.2/comm/f6119b65c403c4ea3b67a5cb74b4ebe591ee08b54917c44378beff8d26a4211e/attempt-1/analysis,,,build/historical-rust-measurement/method-v1/0.2.2/build-attempts-2/comm/result.json,555764,52.74086011500003,109,35,101,5793359c60ce240d420143f1bb70ecb25e37b608bd887de79f48ba458d5773ed,"{""path"": ""src/uu/comm/src/main.rs"", ""sha256"": ""fc7e360c9cb30f021332327df5d75664c32a577b03e64d45f5610c973d611def""}","[""comm::main"", ""uu_comm::uumain<std::iter::Cloned<std::slice::Iter<'{erased}, std::ffi::OsString>>>"", ""uu_comm::uumain::uumain<std::iter::Cloned<std::slice::Iter<'{erased}, std::ffi::OsString>>>"", ""uucore::mods::clap_localization::handle_clap_result<std::iter::Cloned<std::slice::Iter<'{erased}, std::ffi::OsString>>, std::ffi::OsString>"", ""uucore::mods::clap_localization::handle_clap_result_with_exit_code<std::iter::Cloned<std::slice::Iter<'{erased}, std::ffi::OsString>>, std::ffi::OsString>"", ""uucore::mods::clap_localization::handle_clap_result_with_exit_code::{closure#0}<std::iter::Cloned<std::slice::Iter<'{erased}, std::ffi::OsString>>, std::ffi::OsString, i32, Binder { value: extern \""RustCall\"" fn((clap_builder::error::Error<clap_builder::error::format::RichFormatter>,)) -> std::boxed::Box<dyn [Binder { value: Trait(uucore::error::UError), bound_vars: [] }] + '{erased}, std::alloc::Global>, bound_vars: [] }, (&'{erased} i32,)>"", ""uucore::mods::clap_localization::handle_clap_error_with_exit_code"", ""uucore::mods::clap_localization::{impl#2}::print_error_and_exit<>"", ""uucore::mods::clap_localization::{impl#2}::print_error_and_exit_with_callback<Closure(DefId(20:168 ~ uucore[acda]::mods::clap_localization::{impl#2}::print_error_and_exit::{closure#0}), ['{erased}, i32, Binder { value: extern \""RustCall\"" fn(()), bound_vars: [] }, ()])>"", ""uucore::mods::clap_localization::{impl#2}::handle_invalid_value_with_callback<Closure(DefId(20:168 ~ uucore[acda]::mods::clap_localization::{impl#2}::print_error_and_exit::{closure#0}), ['{erased}, i32, Binder { value: extern \""RustCall\"" fn(()), bound_vars: [] }, ()])>"", ""uucore::mods::clap_localization::{impl#2}::print_simple_error<>"", ""uucore::mods::clap_localization::{impl#2}::print_simple_error_with_callback<Closure(DefId(20:184 ~ uucore[acda]::mods::clap_localization::{impl#2}::print_simple_error::{closure#0}), ['{erased}, i32, Binder { value: extern \""RustCall\"" fn(()), bound_vars: [] }, ()])>"", ""uucore::mods::clap_localization::{impl#2}::print_simple_error::{closure#0}<i32, Binder { value: extern \""RustCall\"" fn(()), bound_vars: [] }, ()>""]","[""DefPathHash(Fingerprint(9877733955731756767, 3918652845052347623))"",""[]"",""None"",""None""]",historical_rupta_results.json:programs:0.2.2/comm
0.2.2/sort,0.2.2,3a07ffc5a9bd4c283e75afa548ba1f1957bad242,sort,linux,x86_64-unknown-linux-gnu,completed,failure,,,not_assessed,not_measured,False,False,":Split<std::io::BufReader<std::boxed::Box<dyn [Binder { value: Trait(std::io::Read), bound_vars: [] }, Binder { value: AutoTrait(DefId(2:42642 ~ core[b218]::marker::Send)), bound_vars: [] }] + '{erased}, std::alloc::Global>>>], .. })], .. }(Projection { def_id: DefId(2:10777 ~ core[b218]::iter::traits::collect::IntoIterator::IntoIter) })
[2026-10-10T02:17:27Z WARN  rupta::util::type_util] unnormalized alias type: Alias { kind: Projection { def_id: DefId(2:10777 ~ core[b218]::iter::traits::collect::IntoIterator::IntoIter) }, args: [Alias(No, Alias { kind: Projection { def_id: DefId(2:10959 ~ core[b218]::iter::traits::iterator::Iterator::Item) }, args: [std::io::Split<std::io::BufReader<std::boxed::Box<dyn [Binder { value: Trait(std::io::Read), bound_vars: [] }, Binder { value: AutoTrait(DefId(2:42642 ~ core[b218]::marker::Send)), bound_vars: [] }] + '{erased}, std::alloc::Global>>>], .. })], .. }(Projection { def_id: DefId(2:10777 ~ core[b218]::iter::traits::collect::IntoIterator::IntoIter) })
[2026-10-10T02:17:27Z WARN  rupta::util::type_util] unnormalized alias type: Alias { kind: Projection { def_id: DefId(2:10777 ~ core[b218]::iter::traits::collect::IntoIterator::IntoIter) }, args: [Alias(No, Alias { kind: Projection { def_id: DefId(2:10959 ~ core[b218]::iter::traits::iterator::Iterator::Item) }, args: [std::io::Split<std::io::BufReader<std::boxed::Box<dyn [Binder { value: Trait(std::io::Read), bound_vars: [] }, Binder { value: AutoTrait(DefId(2:42642 ~ core[b218]::marker::Send)), bound_vars: [] }] + '{erased}, std::alloc::Global>>>], .. })], .. }(Projection { def_id: DefId(2:10777 ~ core[b218]::iter::traits::collect::IntoIterator::IntoIter) })
[2026-10-10T02:17:27Z INFO  rupta::pta::andersen] Processing function FuncId(163) core::iter::traits::iterator::Iterator::enumerate<std::iter::Flatten<std::io::Split<std::io::BufReader<std::boxed::Box<dyn [Binder { value: Trait(std::io::Read), bound_vars: [] }, Binder { value: AutoTrait(DefId(2:42642 ~ core[b218]::marker::Send)), bound_vars: [] }] + '{erased}, std::alloc::Global>>>>>
[2026-10-10T02:17:27Z INFO  rupta::pta::andersen] Processing function FuncId(164) core::iter::traits::collect::{impl#0}::into_iter<std::iter::Enumerate<std::iter::Flatten<std::io::Split<std::io::BufReader<std::boxed::Box<dyn [Binder { value: Trait(std::io::Read), bound_vars: [] }, Binder { value: AutoTrait(DefId(2:42642 ~ core[b218]::marker::Send)), bound_vars: [] }] + '{erased}, std::alloc::Global>>>>>>
[2026-10-10T02:17:27Z INFO  rupta::pta::andersen] Processing function FuncId(165) core::iter::adapters::enumerate::{impl#1}::next<std::iter::Flatten<std::io::Split<std::io::BufReader<std::boxed::Box<dyn [Binder { value: Trait(std::io::Read), bound_vars: [] }, Binder { value: AutoTrait(DefId(2:42642 ~ core[b218]::marker::Send)), bound_vars: [] }] + '{erased}, std::alloc::Global>>>>>
[2026-10-10T02:17:27Z WARN  rupta::util::type_util] unnormalized alias type: Alias { kind: Projection { def_id: DefId(2:10959 ~ core[b218]::iter::traits::iterator::Iterator::Item) }, args: [std::iter::Flatten<std::io::Split<std::io::BufReader<std::boxed::Box<dyn [Binder { value: Trait(std::io::Read), bound_vars: [] }, Binder { value: AutoTrait(DefId(2:42642 ~ core[b218]::marker::Send)), bound_vars: [] }] + '{erased}, std::alloc::Global>>>>], .. }(Projection { def_id: DefId(2:10959 ~ core[b218]::iter::traits::iterator::Iterator::Item) })
[2026-10-10T02:17:27Z WARN  rupta::util::type_util] unnormalized alias type: Alias { kind: Projection { def_id: DefId(2:10959 ~ core[b218]::iter::traits::iterator::Iterator::Item) }, args: [std::iter::Flatten<std::io::Split<std::io::BufReader<std::boxed::Box<dyn [Binder { value: Trait(std::io::Read), bound_vars: [] }, Binder { value: AutoTrait(DefId(2:42642 ~ core[b218]::marker::Send)), bound_vars: [] }] + '{erased}, std::alloc::Global>>>>], .. }(Projection { def_id: DefId(2:10959 ~ core[b218]::iter::traits::iterator::Iterator::Item) })
[2026-10-10T02:17:27Z WARN  rupta::util::type_util] unnormalized alias type: Alias { kind: Projection { def_id: DefId(2:10959 ~ core[b218]::iter::traits::iterator::Iterator::Item) }, args: [std::iter::Flatten<std::io::Split<std::io::BufReader<std::boxed::Box<dyn [Binder { value: Trait(std::io::Read), bound_vars: [] }, Binder { value: AutoTrait(DefId(2:42642 ~ core[b218]::marker::Send)), bound_vars: [] }] + '{erased}, std::alloc::Global>>>>], .. }(Projection { def_id: DefId(2:10959 ~ core[b218]::iter::traits::iterator::Iterator::Item) })
{""$message_type"":""diagnostic"",""message"":""/rustc-dev/8925ea358a0f265ca61026aadc7ecc506c545cbe/compiler/rustc_middle/src/ty/instance.rs:640:21: failed to resolve instance for std::ptr::drop_glue::<<std::iter::Flatten<std::io::Split<std::io::BufReader<std::boxed::Box<dyn std::io::Read + std::marker::Send>>>> as std::iter::Iterator>::Item>"",""code"":null,""level"":""error: internal compiler error"",""spans"":[{""file_name"":""src/uu/sort/src/main.rs"",""byte_start"":0,""byte_end"":0,""line_start"":1,""line_end"":1,""column_start"":1,""column_end"":1,""is_primary"":true,""text"":[],""label"":null,""suggested_replacement"":null,""suggestion_applicability"":null,""expansion"":null}],""children"":[],""rendered"":""\u001b[1m\u001b[91merror: internal compiler error\u001b[0m\u001b[1m: /rustc-dev/8925ea358a0f265ca61026aadc7ecc506c545cbe/compiler/rustc_middle/src/ty/instance.rs:640:21: failed to resolve instance for std::ptr::drop_glue::<<std::iter::Flatten<std::io::Split<std::io::BufReader<std::boxed::Box<dyn std::io::Read + std::marker::Send>>>> as std::iter::Iterator>::Item>\u001b[0m\n\n""}

thread 'rustc' (6143) panicked at /rustc-dev/8925ea358a0f265ca61026aadc7ecc506c545cbe/compiler/rustc_middle/src/ty/instance.rs:640:21:
Box<dyn Any>
note: run with `RUST_BACKTRACE=1` environment variable to display a backtrace
{""$message_type"":""diagnostic"",""message"":""aborting due to 1 previous error"",""code"":null,""level"":""error"",""spans"":[],""children"":[],""rendered"":""\u001b[1m\u001b[91merror\u001b[0m\u001b[1m: aborting due to 1 previous error\u001b[0m\n\n""}
",24fb62c9cd37e2ca9c49e080975d873d06e0d2765d273a6ef81c54802a971cd2,build/rupta-v1/historical-diagnostic-v1/runs/0.2.2/sort/24fb62c9cd37e2ca9c49e080975d873d06e0d2765d273a6ef81c54802a971cd2/attempt-1/analysis,,,build/historical-rust-measurement/method-v1/0.2.2/build-attempts-2/sort/result.json,135276,2.545559604999653,,,,,,[],,historical_rupta_results.json:programs:0.2.2/sort
0.2.2/rm,0.2.2,3a07ffc5a9bd4c283e75afa548ba1f1957bad242,rm,linux,x86_64-unknown-linux-gnu,completed,completed,12,7,known_incomplete,provisional_graph_observed,False,False,,8872e8b6aae13be5ac9b132d1d68f2b2f1ed2988ec06a8d630813ff7b4278a26,build/rupta-v1/historical-diagnostic-v1/runs/0.2.2/rm/8872e8b6aae13be5ac9b132d1d68f2b2f1ed2988ec06a8d630813ff7b4278a26/attempt-1/analysis,,,build/historical-rust-measurement/method-v1/0.2.2/build-attempts-2/rm/result.json,579196,52.3340367349997,147,35,99,4dfa7876100c42dc24535de13b2046d46c0e36cd9a4b3925afda5d37f9775c6a,"{""path"": ""src/uu/rm/src/main.rs"", ""sha256"": ""06616e8aa618de5a98df09d8899b79086a9395740534da05d549f2c63e22d1f0""}","[""rm::main"", ""uu_rm::uumain<std::iter::Cloned<std::slice::Iter<'{erased}, std::ffi::OsString>>>"", ""uu_rm::uumain::uumain<std::iter::Cloned<std::slice::Iter<'{erased}, std::ffi::OsString>>>"", ""uucore::mods::clap_localization::handle_clap_result<std::iter::Cloned<std::slice::Iter<'{erased}, std::ffi::OsString>>, std::ffi::OsString>"", ""uucore::mods::clap_localization::handle_clap_result_with_exit_code<std::iter::Cloned<std::slice::Iter<'{erased}, std::ffi::OsString>>, std::ffi::OsString>"", ""uucore::mods::clap_localization::handle_clap_result_with_exit_code::{closure#0}<std::iter::Cloned<std::slice::Iter<'{erased}, std::ffi::OsString>>, std::ffi::OsString, i32, Binder { value: extern \""RustCall\"" fn((clap_builder::error::Error<clap_builder::error::format::RichFormatter>,)) -> std::boxed::Box<dyn [Binder { value: Trait(uucore::error::UError), bound_vars: [] }] + '{erased}, std::alloc::Global>, bound_vars: [] }, (&'{erased} i32,)>"", ""uucore::mods::clap_localization::handle_clap_error_with_exit_code"", ""uucore::mods::clap_localization::{impl#2}::print_error_and_exit<>"", ""uucore::mods::clap_localization::{impl#2}::print_error_and_exit_with_callback<Closure(DefId(20:372 ~ uucore[eb7a]::mods::clap_localization::{impl#2}::print_error_and_exit::{closure#0}), ['{erased}, i32, Binder { value: extern \""RustCall\"" fn(()), bound_vars: [] }, ()])>"", ""uucore::mods::clap_localization::{impl#2}::handle_invalid_value_with_callback<Closure(DefId(20:372 ~ uucore[eb7a]::mods::clap_localization::{impl#2}::print_error_and_exit::{closure#0}), ['{erased}, i32, Binder { value: extern \""RustCall\"" fn(()), bound_vars: [] }, ()])>"", ""uucore::mods::clap_localization::{impl#2}::print_simple_error<>"", ""uucore::mods::clap_localization::{impl#2}::print_simple_error_with_callback<Closure(DefId(20:388 ~ uucore[eb7a]::mods::clap_localization::{impl#2}::print_simple_error::{closure#0}), ['{erased}, i32, Binder { value: extern \""RustCall\"" fn(()), bound_vars: [] }, ()])>"", ""uucore::mods::clap_localization::{impl#2}::print_simple_error::{closure#0}<i32, Binder { value: extern \""RustCall\"" fn(()), bound_vars: [] }, ()>""]","[""DefPathHash(Fingerprint(18356931529112172858, 11132514919700662414))"",""[]"",""None"",""None""]",historical_rupta_results.json:programs:0.2.2/rm
0.2.2/cp,0.2.2,3a07ffc5a9bd4c283e75afa548ba1f1957bad242,cp,linux,x86_64-unknown-linux-gnu,completed,completed,13,11,known_incomplete,provisional_graph_observed,False,False,,d91ab8a7178bd519e122b33777e131d3c4241effdd368da9b53b3a509f5ae7f4,build/rupta-v1/historical-diagnostic-v1/runs/0.2.2/cp/d91ab8a7178bd519e122b33777e131d3c4241effdd368da9b53b3a509f5ae7f4/attempt-1/analysis,,,build/historical-rust-measurement/method-v1/0.2.2/build-attempts-2/cp/result.json,905376,105.02578523899979,319,65,191,981d3ee7544dbd1148bbd0880ad9166148b1cfc4e7667a7afc2dbf63f7d6b846,"{""path"": ""src/uu/cp/src/main.rs"", ""sha256"": ""f14151b3338bfa3783ae4c3d97c641e7262a89b54af5401b45929efdabe35189"", ""wrapper_evidence"": null}","[""cp::main"", ""uu_cp::uumain<std::iter::Cloned<std::slice::Iter<'{erased}, std::ffi::OsString>>>"", ""uu_cp::uumain::uumain<std::iter::Cloned<std::slice::Iter<'{erased}, std::ffi::OsString>>>"", ""uu_cp::copy"", ""uu_cp::copy_source"", ""uu_cp::copy_file"", ""uu_cp::handle_copy_mode"", ""uu_cp::copy_helper"", ""uu_cp::platform::linux::copy_on_write"", ""uu_cp::platform::linux::copy_stream<&'{erased} std::path::Path>"", ""uucore::features::buf_copy::linux::copy_stream<std::fs::File, std::fs::File>"", ""uucore::features::buf_copy::linux::splice_write<std::fs::File, std::os::fd::BorrowedFd<'{erased}>>"", ""uucore::features::pipes::splice_exact<std::fs::File, std::os::fd::BorrowedFd<'{erased}>>"", ""uucore::features::pipes::splice<std::fs::File, std::os::fd::BorrowedFd<'{erased}>>""]","[""DefPathHash(Fingerprint(10114243508568171054, 10257196287983246314))"",""[]"",""None"",""None""]",historical_rupta_results.json:programs:0.2.2/cp
0.2.2/mv,0.2.2,3a07ffc5a9bd4c283e75afa548ba1f1957bad242,mv,linux,x86_64-unknown-linux-gnu,completed,completed,14,14,known_incomplete,provisional_graph_observed,False,False,,1f4cb8194af015323c110619d394778dd821de35fa650d57d010894f95132b5c,build/rupta-v1/historical-diagnostic-v1/runs/0.2.2/mv/1f4cb8194af015323c110619d394778dd821de35fa650d57d010894f95132b5c/attempt-1/analysis,,,build/historical-rust-measurement/method-v1/0.2.2/build-attempts-2/mv/result.json,694508,87.48465898799986,211,61,151,5a4128011233e08e6c967a2e1be0f71a152b0c1925accece409cc701c78c617c,"{""path"": ""src/uu/mv/src/main.rs"", ""sha256"": ""da0c168e71d1ff6a77b6daca3a8e002b69698b984d9bbf40a5748ff6b6f6b013"", ""wrapper_evidence"": null}","[""mv::main"", ""uu_mv::uumain<std::iter::Cloned<std::slice::Iter<'{erased}, std::ffi::OsString>>>"", ""uu_mv::uumain::uumain<std::iter::Cloned<std::slice::Iter<'{erased}, std::ffi::OsString>>>"", ""uu_mv::mv"", ""uu_mv::handle_two_paths"", ""uu_mv::rename"", ""uu_mv::rename_with_fallback"", ""uu_mv::rename_with_fallback::{closure#0}<i32, Binder { value: extern \""RustCall\"" fn((std::io::Error,)) -> std::result::Result<(), std::io::Error>, bound_vars: [] }, (&'{erased} std::path::Path, &'{erased} std::path::Path, std::option::Option<&'{erased} mut uu_mv::hardlink::HardlinkTracker>, &'{erased} std::option::Option<&'{erased} uu_mv::hardlink::HardlinkGroupScanner>, &'{erased} std::option::Option<&'{erased} indicatif::multi::MultiProgress>)>"", ""uu_mv::hardlink::with_optional_hardlink_context<Closure(DefId(68:135 ~ uu_mv[ab64]::rename_with_fallback::{closure#0}::{closure#0}), [i32, Binder { value: extern \""RustCall\"" fn((&'^0 mut uu_mv::hardlink::HardlinkTracker, &'^1 uu_mv::hardlink::HardlinkGroupScanner)) -> std::result::Result<(), std::io::Error>, bound_vars: [Region(BrAnon), Region(BrAnon)] }, (&'{erased} std::path::Path, &'{erased} std::path::Path, &'{erased} std::option::Option<&'{erased} indicatif::multi::MultiProgress>)]), std::result::Result<(), std::io::Error>>"", ""uu_mv::rename_with_fallback::{closure#0}::{closure#0}<i32, Binder { value: extern \""RustCall\"" fn((&'^0 mut uu_mv::hardlink::HardlinkTracker, &'^1 uu_mv::hardlink::HardlinkGroupScanner)) -> std::result::Result<(), std::io::Error>, bound_vars: [Region(BrAnon), Region(BrAnon)] }, (&'{erased} std::path::Path, &'{erased} std::path::Path, &'{erased} std::option::Option<&'{erased} indicatif::multi::MultiProgress>)>"", ""uu_mv::rename_dir_fallback"", ""uu_mv::copy_dir_contents"", ""uu_mv::copy_dir_contents_recursive"", ""uu_mv::copy_file_with_hardlinks_helper"", ""uu_mv::copy_file_with_hardlinks_helper::{closure#0}<i32, Binder { value: extern \""RustCall\"" fn((u64,)) -> std::result::Result<(), std::io::Error>, bound_vars: [] }, (&'{erased} &'{erased} std::path::Path, &'{erased} &'{erased} std::path::Path)>""]","[""DefPathHash(Fingerprint(511996068730588578, 13949150994270173709))"",""[]"",""None"",""None""]",historical_rupta_results.json:programs:0.2.2/mv
0.2.2/mkdir,0.2.2,3a07ffc5a9bd4c283e75afa548ba1f1957bad242,mkdir,linux,x86_64-unknown-linux-gnu,completed,completed,12,7,known_incomplete,provisional_graph_observed,False,False,,38871c4456b698fbfe2891f54ffa3ac8a58886757881d0f270425e78ae5f11fe,build/rupta-v1/historical-diagnostic-v1/runs/0.2.2/mkdir/38871c4456b698fbfe2891f54ffa3ac8a58886757881d0f270425e78ae5f11fe/attempt-1/analysis,,,build/historical-rust-measurement/method-v1/0.2.2/build-attempts-2/mkdir/result.json,583316,71.23968518299989,113,34,94,0a81d9ae4c6a8c26c605354e7b89e52706794df75441f3d3aaef5d274270110d,"{""path"": ""src/uu/mkdir/src/main.rs"", ""sha256"": ""746d031d0f05ba8b11456f2b9f3fb002b770307b974cdc9e5728b8c61d6deb19""}","[""mkdir::main"", ""uu_mkdir::uumain<std::iter::Cloned<std::slice::Iter<'{erased}, std::ffi::OsString>>>"", ""uu_mkdir::uumain::uumain<std::iter::Cloned<std::slice::Iter<'{erased}, std::ffi::OsString>>>"", ""uucore::mods::clap_localization::handle_clap_result<std::iter::Cloned<std::slice::Iter<'{erased}, std::ffi::OsString>>, std::ffi::OsString>"", ""uucore::mods::clap_localization::handle_clap_result_with_exit_code<std::iter::Cloned<std::slice::Iter<'{erased}, std::ffi::OsString>>, std::ffi::OsString>"", ""uucore::mods::clap_localization::handle_clap_result_with_exit_code::{closure#0}<std::iter::Cloned<std::slice::Iter<'{erased}, std::ffi::OsString>>, std::ffi::OsString, i32, Binder { value: extern \""RustCall\"" fn((clap_builder::error::Error<clap_builder::error::format::RichFormatter>,)) -> std::boxed::Box<dyn [Binder { value: Trait(uucore::error::UError), bound_vars: [] }] + '{erased}, std::alloc::Global>, bound_vars: [] }, (&'{erased} i32,)>"", ""uucore::mods::clap_localization::handle_clap_error_with_exit_code"", ""uucore::mods::clap_localization::{impl#2}::print_error_and_exit<>"", ""uucore::mods::clap_localization::{impl#2}::print_error_and_exit_with_callback<Closure(DefId(20:207 ~ uucore[4c1f]::mods::clap_localization::{impl#2}::print_error_and_exit::{closure#0}), ['{erased}, i32, Binder { value: extern \""RustCall\"" fn(()), bound_vars: [] }, ()])>"", ""uucore::mods::clap_localization::{impl#2}::handle_invalid_value_with_callback<Closure(DefId(20:207 ~ uucore[4c1f]::mods::clap_localization::{impl#2}::print_error_and_exit::{closure#0}), ['{erased}, i32, Binder { value: extern \""RustCall\"" fn(()), bound_vars: [] }, ()])>"", ""uucore::mods::clap_localization::{impl#2}::print_simple_error<>"", ""uucore::mods::clap_localization::{impl#2}::print_simple_error_with_callback<Closure(DefId(20:223 ~ uucore[4c1f]::mods::clap_localization::{impl#2}::print_simple_error::{closure#0}), ['{erased}, i32, Binder { value: extern \""RustCall\"" fn(()), bound_vars: [] }, ()])>"", ""uucore::mods::clap_localization::{impl#2}::print_simple_error::{closure#0}<i32, Binder { value: extern \""RustCall\"" fn(()), bound_vars: [] }, ()>""]","[""DefPathHash(Fingerprint(8067433073357059333, 18056265357533025453))"",""[]"",""None"",""None""]",historical_rupta_results.json:programs:0.2.2/mkdir
0.2.2/install,0.2.2,3a07ffc5a9bd4c283e75afa548ba1f1957bad242,install,linux,x86_64-unknown-linux-gnu,completed,completed,12,7,known_incomplete,provisional_graph_observed,False,False,,e491d47f17253d220383132d71a012012ba4143d3f4c92df8e5186445e700400,build/rupta-v1/historical-diagnostic-v1/runs/0.2.2/install/e491d47f17253d220383132d71a012012ba4143d3f4c92df8e5186445e700400/attempt-1/analysis,,,build/historical-rust-measurement/method-v1/0.2.2/build-attempts-2/install/result.json,591560,86.88293428299994,207,38,144,5982980d44768f55f99e32c3adcf15608d442399e4fb3d4d9c7efa557798f191,"{""path"": ""src/uu/install/src/main.rs"", ""sha256"": ""6a6308dd525747872f7349b1e6382b2c83c768fc5044ed8b3d01b1d3f0e921ab""}","[""install::main"", ""uu_install::uumain<std::iter::Cloned<std::slice::Iter<'{erased}, std::ffi::OsString>>>"", ""uu_install::uumain::uumain<std::iter::Cloned<std::slice::Iter<'{erased}, std::ffi::OsString>>>"", ""uucore::mods::clap_localization::handle_clap_result<std::iter::Cloned<std::slice::Iter<'{erased}, std::ffi::OsString>>, std::ffi::OsString>"", ""uucore::mods::clap_localization::handle_clap_result_with_exit_code<std::iter::Cloned<std::slice::Iter<'{erased}, std::ffi::OsString>>, std::ffi::OsString>"", ""uucore::mods::clap_localization::handle_clap_result_with_exit_code::{closure#0}<std::iter::Cloned<std::slice::Iter<'{erased}, std::ffi::OsString>>, std::ffi::OsString, i32, Binder { value: extern \""RustCall\"" fn((clap_builder::error::Error<clap_builder::error::format::RichFormatter>,)) -> std::boxed::Box<dyn [Binder { value: Trait(uucore::error::UError), bound_vars: [] }] + '{erased}, std::alloc::Global>, bound_vars: [] }, (&'{erased} i32,)>"", ""uucore::mods::clap_localization::handle_clap_error_with_exit_code"", ""uucore::mods::clap_localization::{impl#2}::print_error_and_exit<>"", ""uucore::mods::clap_localization::{impl#2}::print_error_and_exit_with_callback<Closure(DefId(20:491 ~ uucore[a0cc]::mods::clap_localization::{impl#2}::print_error_and_exit::{closure#0}), ['{erased}, i32, Binder { value: extern \""RustCall\"" fn(()), bound_vars: [] }, ()])>"", ""uucore::mods::clap_localization::{impl#2}::handle_invalid_value_with_callback<Closure(DefId(20:491 ~ uucore[a0cc]::mods::clap_localization::{impl#2}::print_error_and_exit::{closure#0}), ['{erased}, i32, Binder { value: extern \""RustCall\"" fn(()), bound_vars: [] }, ()])>"", ""uucore::mods::clap_localization::{impl#2}::print_simple_error<>"", ""uucore::mods::clap_localization::{impl#2}::print_simple_error_with_callback<Closure(DefId(20:507 ~ uucore[a0cc]::mods::clap_localization::{impl#2}::print_simple_error::{closure#0}), ['{erased}, i32, Binder { value: extern \""RustCall\"" fn(()), bound_vars: [] }, ()])>"", ""uucore::mods::clap_localization::{impl#2}::print_simple_error::{closure#0}<i32, Binder { value: extern \""RustCall\"" fn(()), bound_vars: [] }, ()>""]","[""DefPathHash(Fingerprint(9169715976353143490, 6446494100347908172))"",""[]"",""None"",""None""]",historical_rupta_results.json:programs:0.2.2/install
0.2.2/touch,0.2.2,3a07ffc5a9bd4c283e75afa548ba1f1957bad242,touch,linux,x86_64-unknown-linux-gnu,completed,completed,12,6,known_incomplete,provisional_graph_observed,False,False,,1d6571da948d8e8335f9d7152d9dcec0f41ca5c60d05e174d102ba4194f5beb9,build/rupta-v1/historical-diagnostic-v1/runs/0.2.2/touch/1d6571da948d8e8335f9d7152d9dcec0f41ca5c60d05e174d102ba4194f5beb9/attempt-1/analysis,,,build/historical-rust-measurement/method-v1/0.2.2/build-attempts-2/touch/result.json,709864,96.7509093360004,152,37,119,5d382213e2f6232146888f2cdb0a03458818edc4aea731042c9d7021786d2196,"{""path"": ""src/uu/touch/src/main.rs"", ""sha256"": ""4a1f9f2ed1c222c7dd7e08df04d5ec9c6ea5ae20e3d6c05ff73b88f3a0fd66d9""}","[""touch::main"", ""uu_touch::uumain<std::iter::Cloned<std::slice::Iter<'{erased}, std::ffi::OsString>>>"", ""uu_touch::uumain::uumain<std::iter::Cloned<std::slice::Iter<'{erased}, std::ffi::OsString>>>"", ""uucore::mods::clap_localization::handle_clap_result<std::iter::Cloned<std::slice::Iter<'{erased}, std::ffi::OsString>>, std::ffi::OsString>"", ""uucore::mods::clap_localization::handle_clap_result_with_exit_code<std::iter::Cloned<std::slice::Iter<'{erased}, std::ffi::OsString>>, std::ffi::OsString>"", ""uucore::mods::clap_localization::handle_clap_result_with_exit_code::{closure#0}<std::iter::Cloned<std::slice::Iter<'{erased}, std::ffi::OsString>>, std::ffi::OsString, i32, Binder { value: extern \""RustCall\"" fn((clap_builder::error::Error<clap_builder::error::format::RichFormatter>,)) -> std::boxed::Box<dyn [Binder { value: Trait(uucore::error::UError), bound_vars: [] }] + '{erased}, std::alloc::Global>, bound_vars: [] }, (&'{erased} i32,)>"", ""uucore::mods::clap_localization::handle_clap_error_with_exit_code"", ""uucore::mods::clap_localization::{impl#2}::print_error_and_exit<>"", ""uucore::mods::clap_localization::{impl#2}::print_error_and_exit_with_callback<Closure(DefId(20:249 ~ uucore[f4f2]::mods::clap_localization::{impl#2}::print_error_and_exit::{closure#0}), ['{erased}, i32, Binder { value: extern \""RustCall\"" fn(()), bound_vars: [] }, ()])>"", ""uucore::mods::clap_localization::{impl#2}::handle_invalid_value_with_callback<Closure(DefId(20:249 ~ uucore[f4f2]::mods::clap_localization::{impl#2}::print_error_and_exit::{closure#0}), ['{erased}, i32, Binder { value: extern \""RustCall\"" fn(()), bound_vars: [] }, ()])>"", ""uucore::mods::clap_localization::{impl#2}::print_simple_error<>"", ""uucore::mods::clap_localization::{impl#2}::print_simple_error_with_callback<Closure(DefId(20:265 ~ uucore[f4f2]::mods::clap_localization::{impl#2}::print_simple_error::{closure#0}), ['{erased}, i32, Binder { value: extern \""RustCall\"" fn(()), bound_vars: [] }, ()])>"", ""uucore::mods::clap_localization::{impl#2}::print_simple_error::{closure#0}<i32, Binder { value: extern \""RustCall\"" fn(()), bound_vars: [] }, ()>""]","[""DefPathHash(Fingerprint(8403719256628683829, 5553334598902329085))"",""[]"",""None"",""None""]",historical_rupta_results.json:programs:0.2.2/touch
0.2.2/mknod,0.2.2,3a07ffc5a9bd4c283e75afa548ba1f1957bad242,mknod,linux,x86_64-unknown-linux-gnu,completed,completed,12,4,known_incomplete,provisional_graph_observed,False,False,,a17d3abcb35e452e4baef50a1d5a4081429bfb40c4eeaef48d1f32979aa6490d,build/rupta-v1/historical-diagnostic-v1/runs/0.2.2/mknod/a17d3abcb35e452e4baef50a1d5a4081429bfb40c4eeaef48d1f32979aa6490d/attempt-1/analysis,,,build/historical-rust-measurement/method-v1/0.2.2/build-attempts-2/mknod/result.json,553204,50.13705891599966,111,35,91,266011aa05bcbecd26994cc4bbbb73cb77ced9cc46288a0d8f8d4e0f336fd98a,"{""path"": ""src/uu/mknod/src/main.rs"", ""sha256"": ""7b9b2dab2a4561119169fbfcb533f4ed16011d18ba9485dccbda666ff950523d""}","[""mknod::main"", ""uu_mknod::uumain<std::iter::Cloned<std::slice::Iter<'{erased}, std::ffi::OsString>>>"", ""uu_mknod::uumain::uumain<std::iter::Cloned<std::slice::Iter<'{erased}, std::ffi::OsString>>>"", ""uucore::mods::clap_localization::handle_clap_result<std::iter::Cloned<std::slice::Iter<'{erased}, std::ffi::OsString>>, std::ffi::OsString>"", ""uucore::mods::clap_localization::handle_clap_result_with_exit_code<std::iter::Cloned<std::slice::Iter<'{erased}, std::ffi::OsString>>, std::ffi::OsString>"", ""uucore::mods::clap_localization::handle_clap_result_with_exit_code::{closure#0}<std::iter::Cloned<std::slice::Iter<'{erased}, std::ffi::OsString>>, std::ffi::OsString, i32, Binder { value: extern \""RustCall\"" fn((clap_builder::error::Error<clap_builder::error::format::RichFormatter>,)) -> std::boxed::Box<dyn [Binder { value: Trait(uucore::error::UError), bound_vars: [] }] + '{erased}, std::alloc::Global>, bound_vars: [] }, (&'{erased} i32,)>"", ""uucore::mods::clap_localization::handle_clap_error_with_exit_code"", ""uucore::mods::clap_localization::{impl#2}::print_error_and_exit<>"", ""uucore::mods::clap_localization::{impl#2}::print_error_and_exit_with_callback<Closure(DefId(20:68 ~ uucore[d06f]::mods::clap_localization::{impl#2}::print_error_and_exit::{closure#0}), ['{erased}, i32, Binder { value: extern \""RustCall\"" fn(()), bound_vars: [] }, ()])>"", ""uucore::mods::clap_localization::{impl#2}::handle_invalid_value_with_callback<Closure(DefId(20:68 ~ uucore[d06f]::mods::clap_localization::{impl#2}::print_error_and_exit::{closure#0}), ['{erased}, i32, Binder { value: extern \""RustCall\"" fn(()), bound_vars: [] }, ()])>"", ""uucore::mods::clap_localization::{impl#2}::print_simple_error<>"", ""uucore::mods::clap_localization::{impl#2}::print_simple_error_with_callback<Closure(DefId(20:84 ~ uucore[d06f]::mods::clap_localization::{impl#2}::print_simple_error::{closure#0}), ['{erased}, i32, Binder { value: extern \""RustCall\"" fn(()), bound_vars: [] }, ()])>"", ""uucore::mods::clap_localization::{impl#2}::print_simple_error::{closure#0}<i32, Binder { value: extern \""RustCall\"" fn(()), bound_vars: [] }, ()>""]","[""DefPathHash(Fingerprint(1780381945468776632, 9286723538960103326))"",""[]"",""None"",""None""]",historical_rupta_results.json:programs:0.2.2/mknod
0.2.2/printenv,0.2.2,3a07ffc5a9bd4c283e75afa548ba1f1957bad242,printenv,linux,x86_64-unknown-linux-gnu,completed,completed,11,3,known_incomplete,provisional_graph_observed,False,False,,ffed323b3d1673e1a32cfb3a649daac655d8a4727af8cb67c08d216ab02dc84b,build/rupta-v1/historical-diagnostic-v1/runs/0.2.2/printenv/ffed323b3d1673e1a32cfb3a649daac655d8a4727af8cb67c08d216ab02dc84b/attempt-1/analysis,,,build/historical-rust-measurement/method-v1/0.2.2/build-attempts-2/printenv/result.json,532304,46.51677958500022,86,32,82,9240db7afa280da0a9874ab25a609508f06691c12a57371593ab56639a171f7f,"{""path"": ""src/uu/printenv/src/main.rs"", ""sha256"": ""e19142c1d26706ea3059fb7d41b63594275bc1fc5a4993638624f6ea9ce53d8f""}","[""printenv::main"", ""uu_printenv::uumain<std::iter::Cloned<std::slice::Iter<'{erased}, std::ffi::OsString>>>"", ""uu_printenv::uumain::uumain<std::iter::Cloned<std::slice::Iter<'{erased}, std::ffi::OsString>>>"", ""uucore::mods::clap_localization::handle_clap_result_with_exit_code<std::iter::Cloned<std::slice::Iter<'{erased}, std::ffi::OsString>>, std::ffi::OsString>"", ""uucore::mods::clap_localization::handle_clap_result_with_exit_code::{closure#0}<std::iter::Cloned<std::slice::Iter<'{erased}, std::ffi::OsString>>, std::ffi::OsString, i32, Binder { value: extern \""RustCall\"" fn((clap_builder::error::Error<clap_builder::error::format::RichFormatter>,)) -> std::boxed::Box<dyn [Binder { value: Trait(uucore::error::UError), bound_vars: [] }] + '{erased}, std::alloc::Global>, bound_vars: [] }, (&'{erased} i32,)>"", ""uucore::mods::clap_localization::handle_clap_error_with_exit_code"", ""uucore::mods::clap_localization::{impl#2}::print_error_and_exit<>"", ""uucore::mods::clap_localization::{impl#2}::print_error_and_exit_with_callback<Closure(DefId(20:44 ~ uucore[2d1f]::mods::clap_localization::{impl#2}::print_error_and_exit::{closure#0}), ['{erased}, i32, Binder { value: extern \""RustCall\"" fn(()), bound_vars: [] }, ()])>"", ""uucore::mods::clap_localization::{impl#2}::handle_invalid_value_with_callback<Closure(DefId(20:44 ~ uucore[2d1f]::mods::clap_localization::{impl#2}::print_error_and_exit::{closure#0}), ['{erased}, i32, Binder { value: extern \""RustCall\"" fn(()), bound_vars: [] }, ()])>"", ""uucore::mods::clap_localization::{impl#2}::print_simple_error<>"", ""uucore::mods::clap_localization::{impl#2}::print_simple_error_with_callback<Closure(DefId(20:60 ~ uucore[2d1f]::mods::clap_localization::{impl#2}::print_simple_error::{closure#0}), ['{erased}, i32, Binder { value: extern \""RustCall\"" fn(()), bound_vars: [] }, ()])>"", ""uucore::mods::clap_localization::{impl#2}::print_simple_error::{closure#0}<i32, Binder { value: extern \""RustCall\"" fn(()), bound_vars: [] }, ()>""]","[""DefPathHash(Fingerprint(6309231338351829498, 15274761598798480302))"",""[]"",""None"",""None""]",historical_rupta_results.json:programs:0.2.2/printenv
0.2.2/nohup,0.2.2,3a07ffc5a9bd4c283e75afa548ba1f1957bad242,nohup,linux,x86_64-unknown-linux-gnu,completed,completed,11,4,known_incomplete,provisional_graph_observed,False,False,,16b73eaf3627933814326bddcc3f1058b4b35ce1481e76fed88fda9b4899f9d6,build/rupta-v1/historical-diagnostic-v1/runs/0.2.2/nohup/16b73eaf3627933814326bddcc3f1058b4b35ce1481e76fed88fda9b4899f9d6/attempt-1/analysis,,,build/historical-rust-measurement/method-v1/0.2.2/build-attempts-2/nohup/result.json,545788,51.38030719499966,90,33,92,9c632dce64c935b4fac3cc74f6cd074803626871405fff7d3cb8e05f606b31f5,"{""path"": ""src/uu/nohup/src/main.rs"", ""sha256"": ""dd957c5740da8c4ccf1beb42af0e7d35b771f7013b0d9ef86c362de1cca194e5""}","[""nohup::main"", ""uu_nohup::uumain<std::iter::Cloned<std::slice::Iter<'{erased}, std::ffi::OsString>>>"", ""uu_nohup::uumain::uumain<std::iter::Cloned<std::slice::Iter<'{erased}, std::ffi::OsString>>>"", ""uucore::mods::clap_localization::handle_clap_result_with_exit_code<std::iter::Cloned<std::slice::Iter<'{erased}, std::ffi::OsString>>, std::ffi::OsString>"", ""uucore::mods::clap_localization::handle_clap_result_with_exit_code::{closure#0}<std::iter::Cloned<std::slice::Iter<'{erased}, std::ffi::OsString>>, std::ffi::OsString, i32, Binder { value: extern \""RustCall\"" fn((clap_builder::error::Error<clap_builder::error::format::RichFormatter>,)) -> std::boxed::Box<dyn [Binder { value: Trait(uucore::error::UError), bound_vars: [] }] + '{erased}, std::alloc::Global>, bound_vars: [] }, (&'{erased} i32,)>"", ""uucore::mods::clap_localization::handle_clap_error_with_exit_code"", ""uucore::mods::clap_localization::{impl#2}::print_error_and_exit<>"", ""uucore::mods::clap_localization::{impl#2}::print_error_and_exit_with_callback<Closure(DefId(20:168 ~ uucore[acda]::mods::clap_localization::{impl#2}::print_error_and_exit::{closure#0}), ['{erased}, i32, Binder { value: extern \""RustCall\"" fn(()), bound_vars: [] }, ()])>"", ""uucore::mods::clap_localization::{impl#2}::handle_invalid_value_with_callback<Closure(DefId(20:168 ~ uucore[acda]::mods::clap_localization::{impl#2}::print_error_and_exit::{closure#0}), ['{erased}, i32, Binder { value: extern \""RustCall\"" fn(()), bound_vars: [] }, ()])>"", ""uucore::mods::clap_localization::{impl#2}::print_simple_error<>"", ""uucore::mods::clap_localization::{impl#2}::print_simple_error_with_callback<Closure(DefId(20:184 ~ uucore[acda]::mods::clap_localization::{impl#2}::print_simple_error::{closure#0}), ['{erased}, i32, Binder { value: extern \""RustCall\"" fn(()), bound_vars: [] }, ()])>"", ""uucore::mods::clap_localization::{impl#2}::print_simple_error::{closure#0}<i32, Binder { value: extern \""RustCall\"" fn(()), bound_vars: [] }, ()>""]","[""DefPathHash(Fingerprint(14095093854238586684, 15931200613108902322))"",""[]"",""None"",""None""]",historical_rupta_results.json:programs:0.2.2/nohup
0.2.2/chroot,0.2.2,3a07ffc5a9bd4c283e75afa548ba1f1957bad242,chroot,linux,x86_64-unknown-linux-gnu,completed,completed,11,6,known_incomplete,provisional_graph_observed,False,False,,9c9f486423b29c1858355c7c89c71a01f83572985b4fbccbab0d2977597c807a,build/rupta-v1/historical-diagnostic-v1/runs/0.2.2/chroot/9c9f486423b29c1858355c7c89c71a01f83572985b4fbccbab0d2977597c807a/attempt-1/analysis,,,build/historical-rust-measurement/method-v1/0.2.2/build-attempts-2/chroot/result.json,566832,52.832380076999925,139,37,130,0480cca10c267b816c7c60371ab688662addf6bf08d7a9a67e8d3b3bbfdcaa97,"{""path"": ""src/uu/chroot/src/main.rs"", ""sha256"": ""ccf91d4a38f0641d7f0d6703bfb3b128d9ba4a6e95b219a136e06854a88e4fc3""}","[""chroot::main"", ""uu_chroot::uumain<std::iter::Cloned<std::slice::Iter<'{erased}, std::ffi::OsString>>>"", ""uu_chroot::uumain::uumain<std::iter::Cloned<std::slice::Iter<'{erased}, std::ffi::OsString>>>"", ""uucore::mods::clap_localization::handle_clap_result_with_exit_code<std::iter::Cloned<std::slice::Iter<'{erased}, std::ffi::OsString>>, std::ffi::OsString>"", ""uucore::mods::clap_localization::handle_clap_result_with_exit_code::{closure#0}<std::iter::Cloned<std::slice::Iter<'{erased}, std::ffi::OsString>>, std::ffi::OsString, i32, Binder { value: extern \""RustCall\"" fn((clap_builder::error::Error<clap_builder::error::format::RichFormatter>,)) -> std::boxed::Box<dyn [Binder { value: Trait(uucore::error::UError), bound_vars: [] }] + '{erased}, std::alloc::Global>, bound_vars: [] }, (&'{erased} i32,)>"", ""uucore::mods::clap_localization::handle_clap_error_with_exit_code"", ""uucore::mods::clap_localization::{impl#2}::print_error_and_exit<>"", ""uucore::mods::clap_localization::{impl#2}::print_error_and_exit_with_callback<Closure(DefId(20:216 ~ uucore[6893]::mods::clap_localization::{impl#2}::print_error_and_exit::{closure#0}), ['{erased}, i32, Binder { value: extern \""RustCall\"" fn(()), bound_vars: [] }, ()])>"", ""uucore::mods::clap_localization::{impl#2}::handle_invalid_value_with_callback<Closure(DefId(20:216 ~ uucore[6893]::mods::clap_localization::{impl#2}::print_error_and_exit::{closure#0}), ['{erased}, i32, Binder { value: extern \""RustCall\"" fn(()), bound_vars: [] }, ()])>"", ""uucore::mods::clap_localization::{impl#2}::print_simple_error<>"", ""uucore::mods::clap_localization::{impl#2}::print_simple_error_with_callback<Closure(DefId(20:232 ~ uucore[6893]::mods::clap_localization::{impl#2}::print_simple_error::{closure#0}), ['{erased}, i32, Binder { value: extern \""RustCall\"" fn(()), bound_vars: [] }, ()])>"", ""uucore::mods::clap_localization::{impl#2}::print_simple_error::{closure#0}<i32, Binder { value: extern \""RustCall\"" fn(()), bound_vars: [] }, ()>""]","[""DefPathHash(Fingerprint(11941837214911899397, 8864364300272819454))"",""[]"",""None"",""None""]",historical_rupta_results.json:programs:0.2.2/chroot
0.2.2/kill,0.2.2,3a07ffc5a9bd4c283e75afa548ba1f1957bad242,kill,linux,x86_64-unknown-linux-gnu,completed,completed,12,6,known_incomplete,provisional_graph_observed,False,False,,cfa5f715576ef166df09138b41f4bd664a169975dc036aa9a99f65b4796ec9f3,build/rupta-v1/historical-diagnostic-v1/runs/0.2.2/kill/cfa5f715576ef166df09138b41f4bd664a169975dc036aa9a99f65b4796ec9f3/attempt-1/analysis,,,build/historical-rust-measurement/method-v1/0.2.2/build-attempts-2/kill/result.json,551168,60.256250848000036,114,32,89,f8ffa78154faec1dd23d01991526a9274e9c72d207c03d231db29492c800b92b,"{""path"": ""src/uu/kill/src/main.rs"", ""sha256"": ""cb3670e41e7b05d1ea39f522c15ecf7c3ba1232af3030d395db08fffc67765b4""}","[""kill::main"", ""uu_kill::uumain<std::iter::Cloned<std::slice::Iter<'{erased}, std::ffi::OsString>>>"", ""uu_kill::uumain::uumain<std::iter::Cloned<std::slice::Iter<'{erased}, std::ffi::OsString>>>"", ""uucore::mods::clap_localization::handle_clap_result<std::vec::Vec<std::string::String, std::alloc::Global>, std::string::String>"", ""uucore::mods::clap_localization::handle_clap_result_with_exit_code<std::vec::Vec<std::string::String, std::alloc::Global>, std::string::String>"", ""uucore::mods::clap_localization::handle_clap_result_with_exit_code::{closure#0}<std::vec::Vec<std::string::String, std::alloc::Global>, std::string::String, i32, Binder { value: extern \""RustCall\"" fn((clap_builder::error::Error<clap_builder::error::format::RichFormatter>,)) -> std::boxed::Box<dyn [Binder { value: Trait(uucore::error::UError), bound_vars: [] }] + '{erased}, std::alloc::Global>, bound_vars: [] }, (&'{erased} i32,)>"", ""uucore::mods::clap_localization::handle_clap_error_with_exit_code"", ""uucore::mods::clap_localization::{impl#2}::print_error_and_exit<>"", ""uucore::mods::clap_localization::{impl#2}::print_error_and_exit_with_callback<Closure(DefId(20:63 ~ uucore[ae6d]::mods::clap_localization::{impl#2}::print_error_and_exit::{closure#0}), ['{erased}, i32, Binder { value: extern \""RustCall\"" fn(()), bound_vars: [] }, ()])>"", ""uucore::mods::clap_localization::{impl#2}::handle_invalid_value_with_callback<Closure(DefId(20:63 ~ uucore[ae6d]::mods::clap_localization::{impl#2}::print_error_and_exit::{closure#0}), ['{erased}, i32, Binder { value: extern \""RustCall\"" fn(()), bound_vars: [] }, ()])>"", ""uucore::mods::clap_localization::{impl#2}::print_simple_error<>"", ""uucore::mods::clap_localization::{impl#2}::print_simple_error_with_callback<Closure(DefId(20:79 ~ uucore[ae6d]::mods::clap_localization::{impl#2}::print_simple_error::{closure#0}), ['{erased}, i32, Binder { value: extern \""RustCall\"" fn(()), bound_vars: [] }, ()])>"", ""uucore::mods::clap_localization::{impl#2}::print_simple_error::{closure#0}<i32, Binder { value: extern \""RustCall\"" fn(()), bound_vars: [] }, ()>""]","[""DefPathHash(Fingerprint(11771334882581567608, 8785836967794688839))"",""[]"",""None"",""None""]",historical_rupta_results.json:programs:0.2.2/kill
0.2.2/id,0.2.2,3a07ffc5a9bd4c283e75afa548ba1f1957bad242,id,linux,x86_64-unknown-linux-gnu,completed,completed,12,5,known_incomplete,provisional_graph_observed,False,False,,cceb152c4a5dd6f9562a6a7a06e473db841dbdae01b1e0ccf1bcd503f2300c51,build/rupta-v1/historical-diagnostic-v1/runs/0.2.2/id/cceb152c4a5dd6f9562a6a7a06e473db841dbdae01b1e0ccf1bcd503f2300c51/attempt-1/analysis,,,build/historical-rust-measurement/method-v1/0.2.2/build-attempts-2/id/result.json,568348,53.01321665200021,126,34,102,c60ec8dc2c3b6e214a29ebce1714c6da0abe8003be42dad114f7a2a2c2d8f900,"{""path"": ""src/uu/id/src/main.rs"", ""sha256"": ""2754b4907b1c859c6620c3b3e1241bc2aa975908a5c3d028ac86a946a07fd9f0""}","[""id::main"", ""uu_id::uumain<std::iter::Cloned<std::slice::Iter<'{erased}, std::ffi::OsString>>>"", ""uu_id::uumain::uumain<std::iter::Cloned<std::slice::Iter<'{erased}, std::ffi::OsString>>>"", ""uucore::mods::clap_localization::handle_clap_result<std::iter::Cloned<std::slice::Iter<'{erased}, std::ffi::OsString>>, std::ffi::OsString>"", ""uucore::mods::clap_localization::handle_clap_result_with_exit_code<std::iter::Cloned<std::slice::Iter<'{erased}, std::ffi::OsString>>, std::ffi::OsString>"", ""uucore::mods::clap_localization::handle_clap_result_with_exit_code::{closure#0}<std::iter::Cloned<std::slice::Iter<'{erased}, std::ffi::OsString>>, std::ffi::OsString, i32, Binder { value: extern \""RustCall\"" fn((clap_builder::error::Error<clap_builder::error::format::RichFormatter>,)) -> std::boxed::Box<dyn [Binder { value: Trait(uucore::error::UError), bound_vars: [] }] + '{erased}, std::alloc::Global>, bound_vars: [] }, (&'{erased} i32,)>"", ""uucore::mods::clap_localization::handle_clap_error_with_exit_code"", ""uucore::mods::clap_localization::{impl#2}::print_error_and_exit<>"", ""uucore::mods::clap_localization::{impl#2}::print_error_and_exit_with_callback<Closure(DefId(20:127 ~ uucore[2255]::mods::clap_localization::{impl#2}::print_error_and_exit::{closure#0}), ['{erased}, i32, Binder { value: extern \""RustCall\"" fn(()), bound_vars: [] }, ()])>"", ""uucore::mods::clap_localization::{impl#2}::handle_invalid_value_with_callback<Closure(DefId(20:127 ~ uucore[2255]::mods::clap_localization::{impl#2}::print_error_and_exit::{closure#0}), ['{erased}, i32, Binder { value: extern \""RustCall\"" fn(()), bound_vars: [] }, ()])>"", ""uucore::mods::clap_localization::{impl#2}::print_simple_error<>"", ""uucore::mods::clap_localization::{impl#2}::print_simple_error_with_callback<Closure(DefId(20:143 ~ uucore[2255]::mods::clap_localization::{impl#2}::print_simple_error::{closure#0}), ['{erased}, i32, Binder { value: extern \""RustCall\"" fn(()), bound_vars: [] }, ()])>"", ""uucore::mods::clap_localization::{impl#2}::print_simple_error::{closure#0}<i32, Binder { value: extern \""RustCall\"" fn(()), bound_vars: [] }, ()>""]","[""DefPathHash(Fingerprint(14210463950259666111, 14538423830850724053))"",""[]"",""None"",""None""]",historical_rupta_results.json:programs:0.2.2/id
0.2.2/ln,0.2.2,3a07ffc5a9bd4c283e75afa548ba1f1957bad242,ln,linux,x86_64-unknown-linux-gnu,completed,completed,12,5,known_incomplete,provisional_graph_observed,False,False,,0f67d784bb34768c2502f0c4093e3e52b31337089b4c4a43e692e2ba46b1e1f0,build/rupta-v1/historical-diagnostic-v1/runs/0.2.2/ln/0f67d784bb34768c2502f0c4093e3e52b31337089b4c4a43e692e2ba46b1e1f0/attempt-1/analysis,,,build/historical-rust-measurement/method-v1/0.2.2/build-attempts-2/ln/result.json,575964,63.920133797999824,141,34,112,4b65201813b4fed8db47771dfc85a04602fcb3e9de95cef4ec07f4e3d5de7f91,"{""path"": ""src/uu/ln/src/main.rs"", ""sha256"": ""d0a6274aca2bff8bd8a9a14e971987e7fcda6f46a2a84a12ded010526ae6292e""}","[""ln::main"", ""uu_ln::uumain<std::iter::Cloned<std::slice::Iter<'{erased}, std::ffi::OsString>>>"", ""uu_ln::uumain::uumain<std::iter::Cloned<std::slice::Iter<'{erased}, std::ffi::OsString>>>"", ""uucore::mods::clap_localization::handle_clap_result<std::iter::Cloned<std::slice::Iter<'{erased}, std::ffi::OsString>>, std::ffi::OsString>"", ""uucore::mods::clap_localization::handle_clap_result_with_exit_code<std::iter::Cloned<std::slice::Iter<'{erased}, std::ffi::OsString>>, std::ffi::OsString>"", ""uucore::mods::clap_localization::handle_clap_result_with_exit_code::{closure#0}<std::iter::Cloned<std::slice::Iter<'{erased}, std::ffi::OsString>>, std::ffi::OsString, i32, Binder { value: extern \""RustCall\"" fn((clap_builder::error::Error<clap_builder::error::format::RichFormatter>,)) -> std::boxed::Box<dyn [Binder { value: Trait(uucore::error::UError), bound_vars: [] }] + '{erased}, std::alloc::Global>, bound_vars: [] }, (&'{erased} i32,)>"", ""uucore::mods::clap_localization::handle_clap_error_with_exit_code"", ""uucore::mods::clap_localization::{impl#2}::print_error_and_exit<>"", ""uucore::mods::clap_localization::{impl#2}::print_error_and_exit_with_callback<Closure(DefId(20:212 ~ uucore[3ae8]::mods::clap_localization::{impl#2}::print_error_and_exit::{closure#0}), ['{erased}, i32, Binder { value: extern \""RustCall\"" fn(()), bound_vars: [] }, ()])>"", ""uucore::mods::clap_localization::{impl#2}::handle_invalid_value_with_callback<Closure(DefId(20:212 ~ uucore[3ae8]::mods::clap_localization::{impl#2}::print_error_and_exit::{closure#0}), ['{erased}, i32, Binder { value: extern \""RustCall\"" fn(()), bound_vars: [] }, ()])>"", ""uucore::mods::clap_localization::{impl#2}::print_simple_error<>"", ""uucore::mods::clap_localization::{impl#2}::print_simple_error_with_callback<Closure(DefId(20:228 ~ uucore[3ae8]::mods::clap_localization::{impl#2}::print_simple_error::{closure#0}), ['{erased}, i32, Binder { value: extern \""RustCall\"" fn(()), bound_vars: [] }, ()])>"", ""uucore::mods::clap_localization::{impl#2}::print_simple_error::{closure#0}<i32, Binder { value: extern \""RustCall\"" fn(()), bound_vars: [] }, ()>""]","[""DefPathHash(Fingerprint(12754258858003262748, 5514532163177074307))"",""[]"",""None"",""None""]",historical_rupta_results.json:programs:0.2.2/ln
0.2.2/split,0.2.2,3a07ffc5a9bd4c283e75afa548ba1f1957bad242,split,linux,x86_64-unknown-linux-gnu,completed,completed,12,8,known_incomplete,provisional_graph_observed,False,False,,e6f48faa945c06f4c96b32e4e830fd0f73eb3a4ff2d1e1ba496654de4a3b4182,build/rupta-v1/historical-diagnostic-v1/runs/0.2.2/split/e6f48faa945c06f4c96b32e4e830fd0f73eb3a4ff2d1e1ba496654de4a3b4182/attempt-1/analysis,,,build/historical-rust-measurement/method-v1/0.2.2/build-attempts-2/split/result.json,605456,75.4473596050002,199,38,131,e44aa4c554deec753d8d58594b7f1044ba61bd4d38679c5a909471950bd82e0c,"{""path"": ""src/uu/split/src/main.rs"", ""sha256"": ""dd3c5c9b97354b4d2e5fa84b8742e78d96fba1bc5c1145863746f11a5c9cf2c0""}","[""split::main"", ""uu_split::uumain<std::iter::Cloned<std::slice::Iter<'{erased}, std::ffi::OsString>>>"", ""uu_split::uumain::uumain<std::iter::Cloned<std::slice::Iter<'{erased}, std::ffi::OsString>>>"", ""uucore::mods::clap_localization::handle_clap_result<std::vec::Vec<std::ffi::OsString, std::alloc::Global>, std::ffi::OsString>"", ""uucore::mods::clap_localization::handle_clap_result_with_exit_code<std::vec::Vec<std::ffi::OsString, std::alloc::Global>, std::ffi::OsString>"", ""uucore::mods::clap_localization::handle_clap_result_with_exit_code::{closure#0}<std::vec::Vec<std::ffi::OsString, std::alloc::Global>, std::ffi::OsString, i32, Binder { value: extern \""RustCall\"" fn((clap_builder::error::Error<clap_builder::error::format::RichFormatter>,)) -> std::boxed::Box<dyn [Binder { value: Trait(uucore::error::UError), bound_vars: [] }] + '{erased}, std::alloc::Global>, bound_vars: [] }, (&'{erased} i32,)>"", ""uucore::mods::clap_localization::handle_clap_error_with_exit_code"", ""uucore::mods::clap_localization::{impl#2}::print_error_and_exit<>"", ""uucore::mods::clap_localization::{impl#2}::print_error_and_exit_with_callback<Closure(DefId(20:372 ~ uucore[eb7a]::mods::clap_localization::{impl#2}::print_error_and_exit::{closure#0}), ['{erased}, i32, Binder { value: extern \""RustCall\"" fn(()), bound_vars: [] }, ()])>"", ""uucore::mods::clap_localization::{impl#2}::handle_invalid_value_with_callback<Closure(DefId(20:372 ~ uucore[eb7a]::mods::clap_localization::{impl#2}::print_error_and_exit::{closure#0}), ['{erased}, i32, Binder { value: extern \""RustCall\"" fn(()), bound_vars: [] }, ()])>"", ""uucore::mods::clap_localization::{impl#2}::print_simple_error<>"", ""uucore::mods::clap_localization::{impl#2}::print_simple_error_with_callback<Closure(DefId(20:388 ~ uucore[eb7a]::mods::clap_localization::{impl#2}::print_simple_error::{closure#0}), ['{erased}, i32, Binder { value: extern \""RustCall\"" fn(()), bound_vars: [] }, ()])>"", ""uucore::mods::clap_localization::{impl#2}::print_simple_error::{closure#0}<i32, Binder { value: extern \""RustCall\"" fn(()), bound_vars: [] }, ()>""]","[""DefPathHash(Fingerprint(1921598912683752420, 11124336487294002312))"",""[]"",""None"",""None""]",historical_rupta_results.json:programs:0.2.2/split
0.2.2/chcon,0.2.2,3a07ffc5a9bd4c283e75afa548ba1f1957bad242,chcon,linux,x86_64-unknown-linux-gnu,failure,not_run,,,not_assessed,not_measured,False,False,"0a9b0ebf47.rmeta' --cap-lints allow -Copt-level=0 -Cpanic=unwind -Zalways-encode-mir`
warning: `lock_api` (lib) generated 1 warning (1 duplicate)
       Fresh clap_builder v4.5.47
     Running `/mnt/c/Users/sbutl/Documents/UofA School/Multi_Agent_Systems/summer_code_project/agentic_cyber/build/rupta-v1/historical-diagnostic-v1/targets/0.2.2/debug/build/selinux-sys/d7392e86510ce693/out/build_script_build`
error: failed to run custom build command for `selinux-sys v0.6.14`

Caused by:
  process didn't exit successfully: `/mnt/c/Users/sbutl/Documents/UofA School/Multi_Agent_Systems/summer_code_project/agentic_cyber/build/rupta-v1/historical-diagnostic-v1/targets/0.2.2/debug/build/selinux-sys/d7392e86510ce693/out/build_script_build` (exit status: 101)
  --- stdout
  cargo:root=/mnt/c/Users/sbutl/Documents/UofA School/Multi_Agent_Systems/summer_code_project/agentic_cyber/build/rupta-v1/historical-diagnostic-v1/targets/0.2.2/x86_64-unknown-linux-gnu/debug/build/selinux-sys/b6e95e989f83491a/out
  cargo:rerun-if-env-changed=SYSROOT_x86_64-unknown-linux-gnu
  cargo:rerun-if-env-changed=SYSROOT_x86_64_unknown_linux_gnu
  cargo:rerun-if-env-changed=TARGET_SYSROOT
  cargo:rerun-if-env-changed=SYSROOT
  cargo:rerun-if-env-changed=SELINUX_STATIC_x86_64-unknown-linux-gnu
  cargo:rerun-if-env-changed=SELINUX_STATIC_x86_64_unknown_linux_gnu
  cargo:rerun-if-env-changed=TARGET_SELINUX_STATIC
  cargo:rerun-if-env-changed=SELINUX_STATIC
  cargo:rerun-if-env-changed=SELINUX_PATH_x86_64-unknown-linux-gnu
  cargo:rerun-if-env-changed=SELINUX_PATH_x86_64_unknown_linux_gnu
  cargo:rerun-if-env-changed=TARGET_SELINUX_PATH
  cargo:rerun-if-env-changed=SELINUX_PATH
  cargo:rerun-if-env-changed=SELINUX_INCLUDE_DIR_x86_64-unknown-linux-gnu
  cargo:rerun-if-env-changed=SELINUX_INCLUDE_DIR_x86_64_unknown_linux_gnu
  cargo:rerun-if-env-changed=TARGET_SELINUX_INCLUDE_DIR
  cargo:rerun-if-env-changed=SELINUX_INCLUDE_DIR
  cargo:rerun-if-env-changed=SELINUX_LIB_DIR_x86_64-unknown-linux-gnu
  cargo:rerun-if-env-changed=SELINUX_LIB_DIR_x86_64_unknown_linux_gnu
  cargo:rerun-if-env-changed=TARGET_SELINUX_LIB_DIR
  cargo:rerun-if-env-changed=SELINUX_LIB_DIR
  cargo:rerun-if-env-changed=CC_x86_64-unknown-linux-gnu
  cargo:rerun-if-env-changed=CC_x86_64_unknown_linux_gnu
  cargo:rerun-if-env-changed=TARGET_CC
  cargo:rerun-if-env-changed=CC
  cargo:rerun-if-env-changed=CFLAGS_x86_64-unknown-linux-gnu
  cargo:rerun-if-env-changed=CFLAGS_x86_64_unknown_linux_gnu
  cargo:rerun-if-env-changed=TARGET_CFLAGS
  cargo:rerun-if-env-changed=CFLAGS
  OPT_LEVEL = Some(0)
  OUT_DIR = Some(/mnt/c/Users/sbutl/Documents/UofA School/Multi_Agent_Systems/summer_code_project/agentic_cyber/build/rupta-v1/historical-diagnostic-v1/targets/0.2.2/x86_64-unknown-linux-gnu/debug/build/selinux-sys/b6e95e989f83491a/out)
  TARGET = Some(x86_64-unknown-linux-gnu)
  HOST = Some(x86_64-unknown-linux-gnu)
  cargo:rerun-if-env-changed=CC_x86_64-unknown-linux-gnu
  CC_x86_64-unknown-linux-gnu = None
  cargo:rerun-if-env-changed=CC_x86_64_unknown_linux_gnu
  CC_x86_64_unknown_linux_gnu = None
  cargo:rerun-if-env-changed=HOST_CC
  HOST_CC = None
  cargo:rerun-if-env-changed=CC
  CC = None
  cargo:rerun-if-env-changed=CC_ENABLE_DEBUG_OUTPUT
  RUSTC_WRAPPER = Some(/mnt/c/Users/sbutl/Documents/UofA School/Multi_Agent_Systems/summer_code_project/agentic_cyber/security/semantic_callgraph/rust_rupta_v1/population_wrapper.py)
  cargo:rerun-if-env-changed=CRATE_CC_NO_DEFAULTS
  CRATE_CC_NO_DEFAULTS = None
  DEBUG = Some(true)
  CARGO_CFG_TARGET_FEATURE = Some(fxsr,sse,sse2,x87)
  cargo:rerun-if-env-changed=CFLAGS
  CFLAGS = None
  cargo:rerun-if-env-changed=HOST_CFLAGS
  HOST_CFLAGS = None
  cargo:rerun-if-env-changed=CFLAGS_x86_64_unknown_linux_gnu
  CFLAGS_x86_64_unknown_linux_gnu = None
  cargo:rerun-if-env-changed=CFLAGS_x86_64-unknown-linux-gnu
  CFLAGS_x86_64-unknown-linux-gnu = None
  CARGO_ENCODED_RUSTFLAGS = Some(-Copt-level=0-Cpanic=unwind-Zalways-encode-mir)
  OPT_LEVEL = Some(0)
  OUT_DIR = Some(/mnt/c/Users/sbutl/Documents/UofA School/Multi_Agent_Systems/summer_code_project/agentic_cyber/build/rupta-v1/historical-diagnostic-v1/targets/0.2.2/x86_64-unknown-linux-gnu/debug/build/selinux-sys/b6e95e989f83491a/out)
  TARGET = Some(x86_64-unknown-linux-gnu)
  HOST = Some(x86_64-unknown-linux-gnu)
  cargo:rerun-if-env-changed=CC_x86_64-unknown-linux-gnu
  CC_x86_64-unknown-linux-gnu = None
  cargo:rerun-if-env-changed=CC_x86_64_unknown_linux_gnu
  CC_x86_64_unknown_linux_gnu = None
  cargo:rerun-if-env-changed=HOST_CC
  HOST_CC = None
  cargo:rerun-if-env-changed=CC
  CC = None
  cargo:rerun-if-env-changed=CC_ENABLE_DEBUG_OUTPUT
  RUSTC_WRAPPER = Some(/mnt/c/Users/sbutl/Documents/UofA School/Multi_Agent_Systems/summer_code_project/agentic_cyber/security/semantic_callgraph/rust_rupta_v1/population_wrapper.py)
  cargo:rerun-if-env-changed=CRATE_CC_NO_DEFAULTS
  CRATE_CC_NO_DEFAULTS = None
  DEBUG = Some(true)
  CARGO_CFG_TARGET_FEATURE = Some(fxsr,sse,sse2,x87)
  cargo:rerun-if-env-changed=CFLAGS
  CFLAGS = None
  cargo:rerun-if-env-changed=HOST_CFLAGS
  HOST_CFLAGS = None
  cargo:rerun-if-env-changed=CFLAGS_x86_64_unknown_linux_gnu
  CFLAGS_x86_64_unknown_linux_gnu = None
  cargo:rerun-if-env-changed=CFLAGS_x86_64-unknown-linux-gnu
  CFLAGS_x86_64-unknown-linux-gnu = None
  CARGO_ENCODED_RUSTFLAGS = Some(-Copt-level=0-Cpanic=unwind-Zalways-encode-mir)

  --- stderr

  thread 'main' (2066) panicked at /mnt/c/Users/sbutl/Documents/UofA School/Multi_Agent_Systems/summer_code_project/agentic_cyber/build/rupta-v1/historical-diagnostic-v1/cargo-home/registry/src/index.crates.io-1949cf8c6b5b557f/selinux-sys-0.6.14/build.rs:258:10:
  selinux-sys: Failed to find 'selinux/selinux.h'. Please make sure the C header files of libselinux are installed and accessible: Kind(NotFound)
  note: run with `RUST_BACKTRACE=1` environment variable to display a backtrace
warning: build failed, waiting for other jobs to finish...
warning: `fluent-bundle` (lib) generated 1 warning (1 duplicate)
",c686be956bbe4cfe30f4255213ddd57844cd80eef5b8329b1e2a257562108667,,,,build/historical-rust-measurement/method-v1/0.2.2/build-attempts-2/chcon/result.json,,,,,,,,[],,historical_rupta_results.json:programs:0.2.2/chcon
0.2.2/env,0.2.2,3a07ffc5a9bd4c283e75afa548ba1f1957bad242,env,linux,x86_64-unknown-linux-gnu,completed,completed,17,17,known_incomplete,provisional_graph_observed,False,False,,c07bc4e5b28a7d8882e5c2a3303442621ef1d882b87ff51ec8812e156b7c2528,build/rupta-v1/historical-diagnostic-v1/runs/0.2.2/env/c07bc4e5b28a7d8882e5c2a3303442621ef1d882b87ff51ec8812e156b7c2528/attempt-1/analysis,,,build/historical-rust-measurement/method-v1/0.2.2/build-attempts-2/env/result.json,608844,66.96879124399993,200,34,115,6d104d1752309ca1d9fc0f32b0a20d7880b27693be4fec12555ce9d60d0a84e3,"{""path"": ""src/uu/env/src/main.rs"", ""sha256"": ""cb13b21902ee0978970bea49eb04b702e1e3584f2c1026cadd88c145c981116c"", ""wrapper_evidence"": null}","[""env::main"", ""uu_env::uumain<std::iter::Cloned<std::slice::Iter<'{erased}, std::ffi::OsString>>>"", ""uu_env::uumain::uumain<std::iter::Cloned<std::slice::Iter<'{erased}, std::ffi::OsString>>>"", ""uu_env::{impl#1}::run_env<std::iter::Cloned<std::slice::Iter<'{erased}, std::ffi::OsString>>>"", ""uu_env::{impl#1}::parse_arguments<std::iter::Cloned<std::slice::Iter<'{erased}, std::ffi::OsString>>>"", ""uu_env::{impl#1}::process_all_string_arguments"", ""uu_env::check_and_handle_string_args"", ""uu_env::parse_args_from_str"", ""uu_env::split_iterator::split"", ""uu_env::split_iterator::{impl#0}::split<>"", ""uu_env::split_iterator::{impl#0}::state_root<>"", ""uu_env::split_iterator::{impl#0}::state_delimiter<>"", ""uu_env::split_iterator::{impl#0}::skip_one<>"", ""uu_env::string_parser::{impl#0}::consume_one_ascii_or_all_non_ascii<>"", ""uu_env::string_parser::{impl#0}::consume_chunk<>"", ""uu_env::string_parser::{impl#0}::get_chunk_with_length_at<>"", ""uu_env::native_int_str::get_char_from_native_int"", ""uu_env::native_int_str::get_char_from_native_int::{closure#0}<i32, Binder { value: extern \""RustCall\"" fn((&'{erased} str,)) -> char, bound_vars: [] }, ()>""]","[""DefPathHash(Fingerprint(6233512979698140092, 11042405344005222137))"",""[]"",""None"",""None""]",historical_rupta_results.json:programs:0.2.2/env
0.2.2/expr,0.2.2,3a07ffc5a9bd4c283e75afa548ba1f1957bad242,expr,linux,x86_64-unknown-linux-gnu,completed,completed,10,9,known_incomplete,provisional_graph_observed,False,False,,0e6ca4329cd41a0b5c957ef4adadffe36cf55000ca949eb8e6fa39911db9b1fa,build/rupta-v1/historical-diagnostic-v1/runs/0.2.2/expr/0e6ca4329cd41a0b5c957ef4adadffe36cf55000ca949eb8e6fa39911db9b1fa/attempt-1/analysis,,,build/historical-rust-measurement/method-v1/0.2.2/build-attempts-2/expr/result.json,685072,65.9474967809997,127,31,118,54d3a134603537d8ea3e23f8c0cb52cfeb5a36fd23d5eae07cb1f9fa46f18e96,"{""path"": ""src/uu/expr/src/main.rs"", ""sha256"": ""d6203e7fe72dd4d20ade9f05894da4830f0243d9bf5ede7baa8d35f4ce03d951""}","[""expr::main"", ""uu_expr::uumain<std::iter::Cloned<std::slice::Iter<'{erased}, std::ffi::OsString>>>"", ""uu_expr::uumain::uumain<std::iter::Cloned<std::slice::Iter<'{erased}, std::ffi::OsString>>>"", ""uu_expr::syntax_tree::{impl#9}::eval"", ""uu_expr::syntax_tree::{impl#0}::eval"", ""uu_expr::syntax_tree::{impl#3}::eval"", ""uu_expr::locale_aware::locale_aware_index"", ""uu_expr::locale_aware::index_with_locale"", ""uu_expr::locale_aware::index_with_locale::{closure#0}<i16, Binder { value: extern \""RustCall\"" fn((uucore::CharByte,)) -> bool, bound_vars: [] }, (&'{erased} [u8],)>"", ""uu_expr::locale_aware::index_with_locale::{closure#0}::{closure#0}<i16, Binder { value: extern \""RustCall\"" fn((uucore::CharByte,)) -> bool, bound_vars: [] }, (&'{erased} uucore::CharByte,)>"", ""uucore::{impl#18}::eq""]","[""DefPathHash(Fingerprint(15416049099240437547, 9722304439524330355))"",""[]"",""None"",""None""]",historical_rupta_results.json:programs:0.2.2/expr
0.2.2/tr,0.2.2,3a07ffc5a9bd4c283e75afa548ba1f1957bad242,tr,linux,x86_64-unknown-linux-gnu,completed,completed,12,9,known_incomplete,provisional_graph_observed,False,False,,033773ff89f2c6ca24118ea27c9d8d0d82b61c7044d84d54f40ede96cd1a6d16,build/rupta-v1/historical-diagnostic-v1/runs/0.2.2/tr/033773ff89f2c6ca24118ea27c9d8d0d82b61c7044d84d54f40ede96cd1a6d16/attempt-1/analysis,,,build/historical-rust-measurement/method-v1/0.2.2/build-attempts-2/tr/result.json,644008,61.55873254200014,193,37,96,97c19472e811496887289aa761167c658e765147487c30e5aa9479f38066eba6,"{""path"": ""src/uu/tr/src/main.rs"", ""sha256"": ""7693e45f0ac48877e7dcca6b53d8b4c75022397e79f6250a06432b0478383100""}","[""tr::main"", ""uu_tr::uumain<std::iter::Cloned<std::slice::Iter<'{erased}, std::ffi::OsString>>>"", ""uu_tr::uumain::uumain<std::iter::Cloned<std::slice::Iter<'{erased}, std::ffi::OsString>>>"", ""uucore::mods::clap_localization::handle_clap_result<std::iter::Cloned<std::slice::Iter<'{erased}, std::ffi::OsString>>, std::ffi::OsString>"", ""uucore::mods::clap_localization::handle_clap_result_with_exit_code<std::iter::Cloned<std::slice::Iter<'{erased}, std::ffi::OsString>>, std::ffi::OsString>"", ""uucore::mods::clap_localization::handle_clap_result_with_exit_code::{closure#0}<std::iter::Cloned<std::slice::Iter<'{erased}, std::ffi::OsString>>, std::ffi::OsString, i32, Binder { value: extern \""RustCall\"" fn((clap_builder::error::Error<clap_builder::error::format::RichFormatter>,)) -> std::boxed::Box<dyn [Binder { value: Trait(uucore::error::UError), bound_vars: [] }] + '{erased}, std::alloc::Global>, bound_vars: [] }, (&'{erased} i32,)>"", ""uucore::mods::clap_localization::handle_clap_error_with_exit_code"", ""uucore::mods::clap_localization::{impl#2}::print_error_and_exit<>"", ""uucore::mods::clap_localization::{impl#2}::print_error_and_exit_with_callback<Closure(DefId(20:168 ~ uucore[acda]::mods::clap_localization::{impl#2}::print_error_and_exit::{closure#0}), ['{erased}, i32, Binder { value: extern \""RustCall\"" fn(()), bound_vars: [] }, ()])>"", ""uucore::mods::clap_localization::{impl#2}::handle_invalid_value_with_callback<Closure(DefId(20:168 ~ uucore[acda]::mods::clap_localization::{impl#2}::print_error_and_exit::{closure#0}), ['{erased}, i32, Binder { value: extern \""RustCall\"" fn(()), bound_vars: [] }, ()])>"", ""uucore::mods::clap_localization::{impl#2}::print_simple_error<>"", ""uucore::mods::clap_localization::{impl#2}::print_simple_error_with_callback<Closure(DefId(20:184 ~ uucore[acda]::mods::clap_localization::{impl#2}::print_simple_error::{closure#0}), ['{erased}, i32, Binder { value: extern \""RustCall\"" fn(()), bound_vars: [] }, ()])>"", ""uucore::mods::clap_localization::{impl#2}::print_simple_error::{closure#0}<i32, Binder { value: extern \""RustCall\"" fn(()), bound_vars: [] }, ()>""]","[""DefPathHash(Fingerprint(13369182866010674474, 2599767888687855964))"",""[]"",""None"",""None""]",historical_rupta_results.json:programs:0.2.2/tr
