cve_id,revision,release,frozen_mapping_status,classification,source_function_records,executable_function_observations,numerical_observations,independently_verified_depths,observed_depth_values,observed_normalized_values,observed_primary_maximum_values,observation_ids,missing_observations,mapping_coverage,note,accepted_historical_measurement
CVE-2021-29934,2bb9a85ddedc7b8aa1bd866bd70e41364c8783f7,0.0.3,verified,provisional_all_listed_locations_observed,1,1,1,0,[6],[0.8571428571428571],[7],"[""CVE-2021-29934:0:od:linux""]",[],frozen_verified_locations,,False
CVE-2026-35338,3a07ffc5a9bd4c283e75afa548ba1f1957bad242,0.2.2,verified,provisional_all_listed_locations_observed,1,1,1,0,[3],[0.25],[12],"[""CVE-2026-35338:0:chmod:linux""]",[],frozen_verified_locations,,False
CVE-2026-35339,3a07ffc5a9bd4c283e75afa548ba1f1957bad242,0.2.2,verified,provisional_all_listed_locations_observed,1,1,1,0,[3],[0.25],[12],"[""CVE-2026-35339:0:chmod:linux""]",[],frozen_verified_locations,,False
CVE-2026-35340,3a07ffc5a9bd4c283e75afa548ba1f1957bad242,0.2.2,verified,provisional_all_listed_locations_observed,1,2,2,0,[6],[0.46153846153846156],[13],"[""CVE-2026-35340:0:chgrp:linux"", ""CVE-2026-35340:0:chown:linux""]",[],frozen_verified_locations,,False
CVE-2026-35341,3a07ffc5a9bd4c283e75afa548ba1f1957bad242,0.2.2,verified,provisional_all_listed_locations_observed,1,1,1,0,[2],[0.16666666666666666],[12],"[""CVE-2026-35341:0:mkfifo:linux""]",[],frozen_verified_locations,,False
CVE-2026-35342,3a07ffc5a9bd4c283e75afa548ba1f1957bad242,0.2.2,verified,provisional_all_listed_locations_observed,1,1,1,0,[3],[0.3333333333333333],[9],"[""CVE-2026-35342:0:mktemp:linux""]",[],frozen_verified_locations,,False
CVE-2026-35343,3a07ffc5a9bd4c283e75afa548ba1f1957bad242,0.2.2,verified,provisional_all_listed_locations_observed,1,1,1,0,[5],[0.4166666666666667],[12],"[""CVE-2026-35343:0:cut:linux""]",[],frozen_verified_locations,,False
CVE-2026-35344,3a07ffc5a9bd4c283e75afa548ba1f1957bad242,0.2.2,verified,provisional_all_listed_locations_observed,1,1,1,0,[5],[0.4166666666666667],[12],"[""CVE-2026-35344:0:dd:linux""]",[],frozen_verified_locations,,False
CVE-2026-35345,3a07ffc5a9bd4c283e75afa548ba1f1957bad242,0.2.2,verified,provisional_all_listed_locations_observed,1,1,1,0,[5],[0.45454545454545453],[11],"[""CVE-2026-35345:0:tail:linux""]",[],frozen_verified_locations,,False
CVE-2026-35346,3a07ffc5a9bd4c283e75afa548ba1f1957bad242,0.2.2,verified,provisional_all_listed_locations_observed,1,1,1,0,[3],[0.25],[12],"[""CVE-2026-35346:0:comm:linux""]",[],frozen_verified_locations,,False
CVE-2026-35347,3a07ffc5a9bd4c283e75afa548ba1f1957bad242,0.2.2,verified,provisional_all_listed_locations_observed,1,1,1,0,[4],[0.3333333333333333],[12],"[""CVE-2026-35347:0:comm:linux""]",[],frozen_verified_locations,,False
CVE-2026-35348,3a07ffc5a9bd4c283e75afa548ba1f1957bad242,0.2.2,verified,no_numerical_observation,1,1,0,0,[],[],[],"[""CVE-2026-35348:0:sort:linux""]","[{""build"": ""completed"", ""function"": ""uumain"", ""id"": ""CVE-2026-35348:0:sort:linux"", ""mapping"": ""authenticated_unique_declaration"", ""platform"": ""linux"", ""reachability"": ""not_assessed"", ""reason"": ""build_or_analysis_failure""}]",frozen_verified_locations,,False
CVE-2026-35349,3a07ffc5a9bd4c283e75afa548ba1f1957bad242,0.2.2,verified,provisional_all_listed_locations_observed,1,1,1,0,[4],[0.3333333333333333],[12],"[""CVE-2026-35349:0:rm:linux""]",[],frozen_verified_locations,,False
CVE-2026-35350,3a07ffc5a9bd4c283e75afa548ba1f1957bad242,0.2.2,verified,provisional_all_listed_locations_observed,1,1,1,0,[5],[0.38461538461538464],[13],"[""CVE-2026-35350:0:cp:linux""]",[],frozen_verified_locations,,False
CVE-2026-35351,3a07ffc5a9bd4c283e75afa548ba1f1957bad242,0.2.2,verified,provisional_all_listed_locations_observed,3,3,3,0,"[10, 12, 13]","[0.7142857142857143, 0.8571428571428571, 0.9285714285714286]",[14],"[""CVE-2026-35351:0:mv:linux"", ""CVE-2026-35351:1:mv:linux"", ""CVE-2026-35351:2:mv:linux""]",[],frozen_verified_locations,,False
CVE-2026-35352,3a07ffc5a9bd4c283e75afa548ba1f1957bad242,0.2.2,verified,provisional_all_listed_locations_observed,1,1,1,0,[2],[0.16666666666666666],[12],"[""CVE-2026-35352:0:mkfifo:linux""]",[],frozen_verified_locations,,False
CVE-2026-35353,3a07ffc5a9bd4c283e75afa548ba1f1957bad242,0.2.2,verified,provisional_all_listed_locations_observed,1,1,1,0,[5],[0.4166666666666667],[12],"[""CVE-2026-35353:0:mkdir:linux""]",[],frozen_verified_locations,,False
CVE-2026-35354,3a07ffc5a9bd4c283e75afa548ba1f1957bad242,0.2.2,verified,provisional_all_listed_locations_observed,3,4,4,0,"[9, 11, 12]","[0.6923076923076923, 0.7857142857142857, 0.8571428571428571]","[13, 14]","[""CVE-2026-35354:0:cp:linux"", ""CVE-2026-35354:0:mv:linux"", ""CVE-2026-35354:1:mv:linux"", ""CVE-2026-35354:2:mv:linux""]",[],frozen_verified_locations,,False
CVE-2026-35355,3a07ffc5a9bd4c283e75afa548ba1f1957bad242,0.2.2,verified,provisional_all_listed_locations_observed,1,1,1,0,[5],[0.4166666666666667],[12],"[""CVE-2026-35355:0:install:linux""]",[],frozen_verified_locations,,False
CVE-2026-35356,3a07ffc5a9bd4c283e75afa548ba1f1957bad242,0.2.2,verified,provisional_all_listed_locations_observed,2,2,2,0,"[3, 5]","[0.25, 0.4166666666666667]",[12],"[""CVE-2026-35356:0:install:linux"", ""CVE-2026-35356:1:install:linux""]",[],frozen_verified_locations,,False
CVE-2026-35357,3a07ffc5a9bd4c283e75afa548ba1f1957bad242,0.2.2,unresolved,provisional_mapped_subset,3,3,3,0,[9],[0.6923076923076923],[13],"[""CVE-2026-35357:0:cp:linux"", ""CVE-2026-35357:1:cp:linux"", ""CVE-2026-35357:2:cp:linux""]",[],partial,Three Linux File::create sites directly establish the disclosed transient-readable-permissions defect. The patch also hardens stream write permissions and std::fs::copy fallbacks on multiple platforms. Those changes alone do not prove all such sites independently expose private contents: historical standard-library creation semantics and the CVE scope of the write-permission variant need review. They are not promoted to vulnerable functions merely because the patch touched them.,False
CVE-2026-35358,3a07ffc5a9bd4c283e75afa548ba1f1957bad242,0.2.2,verified,provisional_all_listed_locations_observed,1,1,1,0,[7],[0.5384615384615384],[13],"[""CVE-2026-35358:0:cp:linux""]",[],frozen_verified_locations,,False
CVE-2026-35359,3a07ffc5a9bd4c283e75afa548ba1f1957bad242,0.2.2,unresolved,provisional_mapped_subset,7,7,5,0,"[8, 9]","[0.6153846153846154, 0.6923076923076923]",[13],"[""CVE-2026-35359:0:cp:linux"", ""CVE-2026-35359:1:cp:linux"", ""CVE-2026-35359:2:cp:linux"", ""CVE-2026-35359:3:cp:linux"", ""CVE-2026-35359:4:cp:linux"", ""CVE-2026-35359:5:cp:other_unix"", ""CVE-2026-35359:6:cp:macos""]","[{""build"": ""platform_not_built"", ""function"": ""copy_on_write"", ""id"": ""CVE-2026-35359:5:cp:other_unix"", ""mapping"": ""frozen_source_qualified"", ""platform"": ""other_unix"", ""reachability"": ""not_assessed"", ""reason"": ""unsupported_platform""}, {""build"": ""platform_not_built"", ""function"": ""copy_on_write"", ""id"": ""CVE-2026-35359:6:cp:macos"", ""mapping"": ""frozen_source_qualified"", ""platform"": ""macos"", ""reachability"": ""not_assessed"", ""reason"": ""unsupported_platform""}]",partial,"Seven source-qualified content-copy locations are confirmed from the common no-dereference check/use sequence, including explicit stream opens on other Unix and macOS. The previous other.rs mapping is withdrawn: that is the non-Unix backend, not other_unix.rs, and the Linux O_NOFOLLOW evidence does not establish its native copy semantics. Exhaustive coverage still requires primary evidence for the non-Unix delegated copy and macOS clonefile/native fallback semantics. Probe-only opens are not automatically vulnerable locations.",False
CVE-2026-35360,3a07ffc5a9bd4c283e75afa548ba1f1957bad242,0.2.2,verified,provisional_all_listed_locations_observed,1,1,1,0,[4],[0.3333333333333333],[12],"[""CVE-2026-35360:0:touch:linux""]",[],frozen_verified_locations,,False
CVE-2026-35361,3a07ffc5a9bd4c283e75afa548ba1f1957bad242,0.2.2,verified,provisional_all_listed_locations_observed,1,1,1,0,[3],[0.25],[12],"[""CVE-2026-35361:0:mknod:linux""]",[],frozen_verified_locations,,False
CVE-2026-35362,64203e309810d7e01eaf9c6cc7c21df22a8a896d,0.5.0,not_applicable,not_applicable_configuration_only,0,0,0,0,[],[],[],[],[],not_applicable,Compile-time platform gates; no singular runtime function is established as the vulnerable unit.,False
CVE-2026-35363,3a07ffc5a9bd4c283e75afa548ba1f1957bad242,0.2.2,verified,provisional_all_listed_locations_observed,1,1,1,0,[5],[0.4166666666666667],[12],"[""CVE-2026-35363:0:rm:linux""]",[],frozen_verified_locations,,False
CVE-2026-35364,3a07ffc5a9bd4c283e75afa548ba1f1957bad242,0.2.2,verified,provisional_all_listed_locations_observed,1,1,1,0,[10],[0.7142857142857143],[14],"[""CVE-2026-35364:0:mv:linux""]",[],frozen_verified_locations,,False
CVE-2026-35365,3a07ffc5a9bd4c283e75afa548ba1f1957bad242,0.2.2,verified,provisional_all_listed_locations_observed,1,1,1,0,[12],[0.8571428571428571],[14],"[""CVE-2026-35365:0:mv:linux""]",[],frozen_verified_locations,,False
CVE-2026-35366,3a07ffc5a9bd4c283e75afa548ba1f1957bad242,0.2.2,verified,provisional_all_listed_locations_observed,1,1,1,0,[2],[0.18181818181818182],[11],"[""CVE-2026-35366:0:printenv:linux""]",[],frozen_verified_locations,,False
CVE-2026-35367,3a07ffc5a9bd4c283e75afa548ba1f1957bad242,0.2.2,verified,provisional_all_listed_locations_observed,1,1,1,0,[4],[0.36363636363636365],[11],"[""CVE-2026-35367:0:nohup:linux""]",[],frozen_verified_locations,,False
CVE-2026-35368,3a07ffc5a9bd4c283e75afa548ba1f1957bad242,0.2.2,verified,provisional_all_listed_locations_observed,1,1,1,0,[3],[0.2727272727272727],[11],"[""CVE-2026-35368:0:chroot:linux""]",[],frozen_verified_locations,,False
CVE-2026-35369,3a07ffc5a9bd4c283e75afa548ba1f1957bad242,0.2.2,verified,provisional_all_listed_locations_observed,1,1,1,0,[3],[0.25],[12],"[""CVE-2026-35369:0:kill:linux""]",[],frozen_verified_locations,,False
CVE-2026-35370,3a07ffc5a9bd4c283e75afa548ba1f1957bad242,0.2.2,verified,provisional_all_listed_locations_observed,1,1,1,0,[2],[0.16666666666666666],[12],"[""CVE-2026-35370:0:id:linux""]",[],frozen_verified_locations,,False
CVE-2026-35371,3a07ffc5a9bd4c283e75afa548ba1f1957bad242,0.2.2,verified,provisional_all_listed_locations_observed,1,1,1,0,[3],[0.25],[12],"[""CVE-2026-35371:0:id:linux""]",[],frozen_verified_locations,,False
CVE-2026-35372,3a07ffc5a9bd4c283e75afa548ba1f1957bad242,0.2.2,verified,provisional_all_listed_locations_observed,1,1,1,0,[4],[0.3333333333333333],[12],"[""CVE-2026-35372:0:ln:linux""]",[],frozen_verified_locations,,False
CVE-2026-35373,3a07ffc5a9bd4c283e75afa548ba1f1957bad242,0.2.2,verified,provisional_all_listed_locations_observed,1,1,1,0,[4],[0.3333333333333333],[12],"[""CVE-2026-35373:0:ln:linux""]",[],frozen_verified_locations,,False
CVE-2026-35374,3a07ffc5a9bd4c283e75afa548ba1f1957bad242,0.2.2,verified,provisional_mapped_subset,2,2,1,0,[6],[0.5],[12],"[""CVE-2026-35374:0:split:linux"", ""CVE-2026-35374:1:split:windows""]","[{""build"": ""platform_not_built"", ""function"": ""instantiate_current_writer"", ""id"": ""CVE-2026-35374:1:split:windows"", ""mapping"": ""frozen_source_qualified"", ""platform"": ""windows"", ""reachability"": ""not_assessed"", ""reason"": ""unsupported_platform""}]",frozen_verified_locations,,False
CVE-2026-35375,3a07ffc5a9bd4c283e75afa548ba1f1957bad242,0.2.2,verified,provisional_all_listed_locations_observed,1,1,1,0,[5],[0.4166666666666667],[12],"[""CVE-2026-35375:0:split:linux""]",[],frozen_verified_locations,,False
CVE-2026-35376,3a07ffc5a9bd4c283e75afa548ba1f1957bad242,0.2.2,verified,no_numerical_observation,2,2,0,0,[],[],[],"[""CVE-2026-35376:0:chcon:linux"", ""CVE-2026-35376:1:chcon:linux""]","[{""build"": ""failure"", ""function"": ""process_file"", ""id"": ""CVE-2026-35376:0:chcon:linux"", ""mapping"": ""authenticated_unique_declaration"", ""platform"": ""linux"", ""reachability"": ""not_assessed"", ""reason"": ""build_or_analysis_failure""}, {""build"": ""failure"", ""function"": ""change_file_context"", ""id"": ""CVE-2026-35376:1:chcon:linux"", ""mapping"": ""authenticated_unique_declaration"", ""platform"": ""linux"", ""reachability"": ""not_assessed"", ""reason"": ""build_or_analysis_failure""}]",frozen_verified_locations,,False
CVE-2026-35377,3a07ffc5a9bd4c283e75afa548ba1f1957bad242,0.2.2,verified,provisional_all_listed_locations_observed,1,1,1,0,[14],[0.8235294117647058],[17],"[""CVE-2026-35377:0:env:linux""]",[],frozen_verified_locations,,False
CVE-2026-35378,3a07ffc5a9bd4c283e75afa548ba1f1957bad242,0.2.2,verified,provisional_all_listed_locations_observed,1,1,1,0,[7],[0.7],[10],"[""CVE-2026-35378:0:expr:linux""]",[],frozen_verified_locations,,False
CVE-2026-35379,3a07ffc5a9bd4c283e75afa548ba1f1957bad242,0.2.2,verified,provisional_all_listed_locations_observed,1,1,1,0,[4],[0.3333333333333333],[12],"[""CVE-2026-35379:0:tr:linux""]",[],frozen_verified_locations,,False
CVE-2026-35380,3a07ffc5a9bd4c283e75afa548ba1f1957bad242,0.2.2,verified,provisional_all_listed_locations_observed,1,1,1,0,[3],[0.25],[12],"[""CVE-2026-35380:0:cut:linux""]",[],frozen_verified_locations,,False
CVE-2026-35381,3a07ffc5a9bd4c283e75afa548ba1f1957bad242,0.2.2,verified,provisional_all_listed_locations_observed,1,1,1,0,[5],[0.4166666666666667],[12],"[""CVE-2026-35381:0:cut:linux""]",[],frozen_verified_locations,,False
