observation_id,cve_id,source_identity,executable_graph,raw_depth,library_contracted_depth,library_removed,source_scope_kind,analysis_status,disposition,reuse_status,validation_status,mapping_status,shortest_path,removed_library_frames,evidence_reference
CVE-2026-56392:0:coreutils-9.11/unexpand,CVE-2026-56392,src/unexpand.c::unexpand,coreutils-9.11/unexpand,1,1,0,linker_exact,success,depth_applicable,,canonical_saved_C_result; independent depth verification not inferred,resolved_direct_only,"[""src/unexpand.c::main"", ""src/unexpand.c::unexpand""]",[],security/historical/v2_semantic_results.json:CVE-2026-56392:observations:0
CVE-2026-56391:0:coreutils-9.11/uniq,CVE-2026-56391,src/uniq.c::find_field,coreutils-9.11/uniq,2,2,0,linker_exact,success,depth_applicable,,canonical_saved_C_result; independent depth verification not inferred,resolved_direct_only,"[""src/uniq.c::main"", ""src/uniq.c::check_file"", ""src/uniq.c::find_field""]",[],security/historical/v2_semantic_results.json:CVE-2026-56391:observations:0
CVE-2025-5278:0:gnu-coreutils/9.7/sort,CVE-2025-5278,src/sort.c::begfield,gnu-coreutils/9.7/sort,3,3,0,linker_exact,success,depth_applicable,verified_pilot_semantic_result,canonical_saved_C_result; independent depth verification not inferred,resolved_direct_only,"[""src/sort.c::main"", ""src/sort.c::check"", ""src/sort.c::fillbuf"", ""src/sort.c::begfield""]",[],security/historical/v2_semantic_results.json:CVE-2025-5278:observations:0
CVE-2024-0684:0:coreutils-9.4/split,CVE-2024-0684,src/split.c::line_bytes_split,coreutils-9.4/split,1,1,0,linker_exact,success,depth_applicable,,canonical_saved_C_result; independent depth verification not inferred,resolved_direct_only,"[""src/split.c::main"", ""src/split.c::line_bytes_split""]",[],security/historical/v2_semantic_results.json:CVE-2024-0684:observations:0
CVE-2017-18018:0:coreutils-8.29/chgrp,CVE-2017-18018,src/chown-core.c::change_file_owner,coreutils-8.29/chgrp,2,2,0,linker_exact,success,depth_applicable,,canonical_saved_C_result; independent depth verification not inferred,resolved_direct_only,"[""src/chgrp.c::main"", ""src/chown-core.c::chown_files"", ""src/chown-core.c::change_file_owner""]",[],security/historical/v2_semantic_results.json:CVE-2017-18018:observations:0
CVE-2017-18018:1:coreutils-8.29/chown,CVE-2017-18018,src/chown-core.c::change_file_owner,coreutils-8.29/chown,2,2,0,linker_exact,success,depth_applicable,,canonical_saved_C_result; independent depth verification not inferred,resolved_direct_only,"[""src/chown.c::main"", ""src/chown-core.c::chown_files"", ""src/chown-core.c::change_file_owner""]",[],security/historical/v2_semantic_results.json:CVE-2017-18018:observations:1
CVE-2017-2616:0:util-linux-2.29.1/su,CVE-2017-2616,login-utils/su-common.c::create_watching_parent,util-linux-2.29.1/su,2,2,0,linker_exact,success,depth_applicable,,canonical_saved_C_result; independent depth verification not inferred,resolved_direct_only,"[""login-utils/su.c::main"", ""login-utils/su-common.c::su_main"", ""login-utils/su-common.c::create_watching_parent""]",[],security/historical/v2_semantic_results.json:CVE-2017-2616:observations:0
CVE-2016-2781:0:coreutils-8.25/chroot,CVE-2016-2781,src/chroot.c::main,coreutils-8.25/chroot,0,0,0,linker_exact,success,depth_applicable,,canonical_saved_C_result; independent depth verification not inferred,resolved_direct_only,"[""src/chroot.c::main""]",[],security/historical/v2_semantic_results.json:CVE-2016-2781:observations:0
CVE-2015-4042:0:gnu-coreutils/8.23-9.fc22/sort,CVE-2015-4042,src/sort.c::keycompare_mb,gnu-coreutils/8.23-9.fc22/sort,3,3,0,linker_exact,success,depth_applicable,verified_pilot_semantic_result,canonical_saved_C_result; independent depth verification not inferred,resolved_indirect_multi_target,"[""src/sort.c::main"", ""src/sort.c::check"", ""src/sort.c::compare"", ""src/sort.c::keycompare_mb""]",[],security/historical/v2_semantic_results.json:CVE-2015-4042:observations:0
CVE-2015-4041:0:gnu-coreutils/8.23-9.fc22/sort,CVE-2015-4041,src/sort.c::keycompare_mb,gnu-coreutils/8.23-9.fc22/sort,3,3,0,linker_exact,success,depth_applicable,verified_pilot_semantic_result,canonical_saved_C_result; independent depth verification not inferred,resolved_indirect_multi_target,"[""src/sort.c::main"", ""src/sort.c::check"", ""src/sort.c::compare"", ""src/sort.c::keycompare_mb""]",[],security/historical/v2_semantic_results.json:CVE-2015-4041:observations:0
CVE-2015-1865:0:coreutils-8.4/rm,CVE-2015-1865,lib/fts.c::opendirat,coreutils-8.4/rm,4,2,2,linker_exact,success,depth_applicable,,canonical_saved_C_result; independent depth verification not inferred,resolved_direct_only,"[""src/rm.c::main"", ""src/remove.c::rm"", ""lib/fts.c::fts_read"", ""lib/fts.c::fts_build"", ""lib/fts.c::opendirat""]","[{""gnulib_manifest"": ""security/historical/sources/v2/coreutils-8.4/m4/gnulib-comp.m4"", ""path_index"": 2, ""source_file"": ""security/historical/sources/v2/coreutils-8.4/lib/fts.c"", ""source_identity"": ""lib/fts.c::fts_read""}, {""gnulib_manifest"": ""security/historical/sources/v2/coreutils-8.4/m4/gnulib-comp.m4"", ""path_index"": 3, ""source_file"": ""security/historical/sources/v2/coreutils-8.4/lib/fts.c"", ""source_identity"": ""lib/fts.c::fts_build""}]",security/historical/v2_semantic_results.json:CVE-2015-1865:observations:0
CVE-2014-9471:0:coreutils-8.22/date,CVE-2014-9471,lib/parse-datetime.y::parse_datetime,coreutils-8.22/date,1,1,0,linker_exact,success,depth_applicable,,canonical_saved_C_result; independent depth verification not inferred,resolved_direct_only,"[""src/date.c::main"", ""lib/parse-datetime.y::parse_datetime""]",[],security/historical/v2_semantic_results.json:CVE-2014-9471:observations:0
CVE-2014-9471:1:coreutils-8.22/touch,CVE-2014-9471,lib/parse-datetime.y::parse_datetime,coreutils-8.22/touch,2,2,0,linker_exact,success,depth_applicable,,canonical_saved_C_result; independent depth verification not inferred,resolved_direct_only,"[""src/touch.c::main"", ""src/touch.c::get_reldate"", ""lib/parse-datetime.y::parse_datetime""]",[],security/historical/v2_semantic_results.json:CVE-2014-9471:observations:1
CVE-2013-0223:0:gnu-coreutils/8.17-7.fc18/join,CVE-2013-0223,src/join.c::keycmp,gnu-coreutils/8.17-7.fc18/join,2,2,0,linker_exact,success,depth_applicable,,canonical_saved_C_result; independent depth verification not inferred,resolved_direct_only,"[""src/join.c::main"", ""src/join.c::system_join"", ""src/join.c::keycmp""]",[],security/historical/v2_semantic_results.json:CVE-2013-0223:observations:0
CVE-2013-0222:0:gnu-coreutils/8.17-7.fc18/uniq,CVE-2013-0222,src/uniq.c::different,gnu-coreutils/8.17-7.fc18/uniq,2,2,0,linker_exact,success,depth_applicable,,canonical_saved_C_result; independent depth verification not inferred,resolved_direct_only,"[""src/uniq.c::main"", ""src/uniq.c::check_file"", ""src/uniq.c::different""]",[],security/historical/v2_semantic_results.json:CVE-2013-0222:observations:0
CVE-2013-0222:1:gnu-coreutils/8.17-7.fc18/uniq,CVE-2013-0222,src/uniq.c::different_multi,gnu-coreutils/8.17-7.fc18/uniq,2,2,0,linker_exact,success,depth_applicable,,canonical_saved_C_result; independent depth verification not inferred,resolved_direct_only,"[""src/uniq.c::main"", ""src/uniq.c::check_file"", ""src/uniq.c::different_multi""]",[],security/historical/v2_semantic_results.json:CVE-2013-0222:observations:1
CVE-2013-0221:0:gnu-coreutils/8.17-7.fc18/sort,CVE-2013-0221,src/sort.c::getmonth_mb,gnu-coreutils/8.17-7.fc18/sort,4,4,0,linker_exact,success,depth_applicable,verified_pilot_semantic_result,canonical_saved_C_result; independent depth verification not inferred,resolved_indirect_multi_target,"[""src/sort.c::main"", ""src/sort.c::check"", ""src/sort.c::compare"", ""src/sort.c::keycompare_mb"", ""src/sort.c::getmonth_mb""]",[],security/historical/v2_semantic_results.json:CVE-2013-0221:observations:0
CVE-2013-0221:1:gnu-coreutils/8.17-7.fc18/sort,CVE-2013-0221,src/sort.c::keycompare_mb,gnu-coreutils/8.17-7.fc18/sort,3,3,0,linker_exact,success,depth_applicable,verified_pilot_semantic_result,canonical_saved_C_result; independent depth verification not inferred,resolved_indirect_multi_target,"[""src/sort.c::main"", ""src/sort.c::check"", ""src/sort.c::compare"", ""src/sort.c::keycompare_mb""]",[],security/historical/v2_semantic_results.json:CVE-2013-0221:observations:1
CVE-2009-4135:unmeasured:0,CVE-2009-4135,,,,,,,,not_applicable_build_or_configuration_only,,,,,,
CVE-2008-1946:unmeasured:0,CVE-2008-1946,,,,,,,,not_applicable_build_or_configuration_only,,,,,,
CVE-2007-4998:0:freebsd/5.0/cp,CVE-2007-4998,bin/cp/cp.c::copy,freebsd/5.0/cp,1,1,0,linker_exact,success,depth_applicable,,canonical_saved_C_result; independent depth verification not inferred,resolved_direct_only,"[""bin/cp/cp.c::main"", ""bin/cp/cp.c::copy""]",[],security/historical/v2_semantic_results.json:CVE-2007-4998:observations:0
CVE-2005-1039:0:coreutils-5.2.1/mkfifo,CVE-2005-1039,src/mkfifo.c::main,coreutils-5.2.1/mkfifo,0,0,0,linker_exact,success,depth_applicable,,canonical_saved_C_result; independent depth verification not inferred,resolved_direct_only,"[""src/mkfifo.c::main""]",[],security/historical/v2_semantic_results.json:CVE-2005-1039:observations:0
CVE-2005-1039:1:coreutils-5.2.1/mknod,CVE-2005-1039,src/mknod.c::main,coreutils-5.2.1/mknod,0,0,0,linker_exact,success,depth_applicable,,canonical_saved_C_result; independent depth verification not inferred,resolved_direct_only,"[""src/mknod.c::main""]",[],security/historical/v2_semantic_results.json:CVE-2005-1039:observations:1
CVE-2005-1039:2:gnu-coreutils/5.2.1/mkdir,CVE-2005-1039,lib/makepath.c::make_path,gnu-coreutils/5.2.1/mkdir,1,1,0,linker_exact,success,depth_applicable,verified_pilot_semantic_result,canonical_saved_C_result; independent depth verification not inferred,resolved_direct_only,"[""src/mkdir.c::main"", ""lib/makepath.c::make_path""]",[],security/historical/v2_semantic_results.json:CVE-2005-1039:observations:2
CVE-2005-1039:3:gnu-coreutils/5.2.1/mkdir,CVE-2005-1039,src/mkdir.c::main,gnu-coreutils/5.2.1/mkdir,0,0,0,linker_exact,success,depth_applicable,verified_pilot_semantic_result,canonical_saved_C_result; independent depth verification not inferred,resolved_direct_only,"[""src/mkdir.c::main""]",[],security/historical/v2_semantic_results.json:CVE-2005-1039:observations:3
CVE-2003-0854:0:coreutils-5.0/ls,CVE-2003-0854,src/ls.c::init_column_info,coreutils-5.0/ls,2,2,0,linker_exact,success,depth_applicable,,canonical_saved_C_result; independent depth verification not inferred,resolved_direct_only,"[""src/ls.c::main"", ""src/ls.c::print_current_files"", ""src/ls.c::init_column_info""]",[],security/historical/v2_semantic_results.json:CVE-2003-0854:observations:0
CVE-2003-0853:0:coreutils-5.0/ls,CVE-2003-0853,src/ls.c::init_column_info,coreutils-5.0/ls,2,2,0,linker_exact,success,depth_applicable,,canonical_saved_C_result; independent depth verification not inferred,resolved_direct_only,"[""src/ls.c::main"", ""src/ls.c::print_current_files"", ""src/ls.c::init_column_info""]",[],security/historical/v2_semantic_results.json:CVE-2003-0853:observations:0
CVE-2015-1345:0:gnu-grep/2.21/grep,CVE-2015-1345,src/kwset.c::bmexec_trans,gnu-grep/2.21/grep,4,4,0,linker_exact,success,depth_applicable,verified_pilot_semantic_result,canonical_saved_C_result; independent depth verification not inferred,resolved_indirect_multi_target,"[""src/grep.c::main"", ""src/dfasearch.c::EGexecute"", ""src/kwset.c::kwsexec"", ""src/kwset.c::bmexec"", ""src/kwset.c::bmexec_trans""]",[],security/historical/v2_semantic_results.json:CVE-2015-1345:observations:0
CVE-2012-5667:0:gnu-grep/2.10/grep,CVE-2012-5667,src/dfasearch.c::EGexecute,gnu-grep/2.10/grep,4,4,0,linker_exact,success,depth_applicable,verified_pilot_semantic_result,canonical_saved_C_result; independent depth verification not inferred,resolved_indirect_multi_target,"[""src/main.c::main"", ""src/main.c::grepfile"", ""src/main.c::grep"", ""src/main.c::prpending"", ""src/dfasearch.c::EGexecute""]",[],security/historical/v2_semantic_results.json:CVE-2012-5667:observations:0
CVE-2002-0435:0:fileutils-4.1/mv,CVE-2002-0435,src/remove.c::remove_dir,fileutils-4.1/mv,4,4,0,linker_exact,success,depth_applicable,,canonical_saved_C_result; independent depth verification not inferred,resolved_direct_only,"[""src/mv.c::main"", ""src/mv.c::movefile"", ""src/mv.c::do_move"", ""src/remove.c::rm"", ""src/remove.c::remove_dir""]",[],security/historical/v2_semantic_results.json:CVE-2002-0435:observations:0
CVE-2002-0435:1:fileutils-4.1/rm,CVE-2002-0435,src/remove.c::remove_dir,fileutils-4.1/rm,2,2,0,linker_exact,success,depth_applicable,,canonical_saved_C_result; independent depth verification not inferred,resolved_direct_only,"[""src/rm.c::main"", ""src/remove.c::rm"", ""src/remove.c::remove_dir""]",[],security/historical/v2_semantic_results.json:CVE-2002-0435:observations:1
CVE-2001-0310:0:freebsd/4.1.1/sort,CVE-2001-0310,gnu/usr.bin/sort/sort.c::tempname,freebsd/4.1.1/sort,1,1,0,linker_exact,success,depth_applicable,,canonical_saved_C_result; independent depth verification not inferred,resolved_direct_only,"[""gnu/usr.bin/sort/sort.c::main"", ""gnu/usr.bin/sort/sort.c::tempname""]",[],security/historical/v2_semantic_results.json:CVE-2001-0310:observations:0
